id,first_name,last_name,email,gender,ip_address,country
1,Shanna,Darrigone,sdarrigone0@wikimedia.org,Female,211.94.110.34,China
2,Petey,Ruler,pruler1@reverbnation.com,Male,231.149.205.30,China
3,Herminia,Matthias,hmatthias2@squidoo.com,Female,134.173.88.177,Philippines
4,Katherina,Simakov,ksimakov3@europa.eu,Female,216.205.42.42,Portugal
5,Sara,Ford,sford4@meetup.com,Female,99.89.156.58,Chile
6,Celene,Loxley,cloxley5@cam.ac.uk,Agender,180.16.201.50,Japan
7,Evin,Wilkowski,ewilkowski6@google.ca,Bigender,111.216.67.108,Indonesia
8,Myrwyn,Sobey,msobey7@alibaba.com,Male,194.44.140.76,Syria
9,Ariadne,Sheeres,asheeres8@multiply.com,Female,111.52.201.72,Brazil
10,Liam,Torritti,ltorritti9@comcast.net,Male,172.223.143.114,Czech Republic
11,Aube,Sambidge,asambidgea@google.com.hk,Male,123.29.154.83,China
12,Gasper,Tester,gtesterb@dmoz.org,Male,197.215.230.152,Portugal
13,Joellyn,Briereton,jbrieretonc@twitpic.com,Female,160.243.162.167,Philippines
14,Nicolis,Bartlet,nbartletd@squidoo.com,Male,213.145.9.146,Ivory Coast
15,Florina,Kloska,fkloskae@wunderground.com,Female,173.145.134.210,China
16,Mirilla,Eisenberg,meisenbergf@lulu.com,Female,63.189.33.76,Honduras
17,Brittany,Penddreth,bpenddrethg@wsj.com,Female,43.53.89.215,Finland
18,Dex,Kleingrub,dkleingrubh@independent.co.uk,Male,254.90.155.19,South Korea
19,Rachele,Jinkinson,rjinkinsoni@wp.com,Female,21.227.180.46,China
20,Karola,Devenish,kdevenishj@mapy.cz,Polygender,67.228.131.85,Mexico
21,Scarlett,Twidell,stwidellk@paypal.com,Female,63.98.100.51,Canada
22,Alfi,Timlett,atimlettl@jugem.jp,Female,153.6.232.164,Panama
23,Chicky,Coppo,ccoppom@bing.com,Female,48.106.191.250,France
24,Joline,Bredes,jbredesn@hatena.ne.jp,Female,138.86.167.69,China
25,Dory,Sumption,dsumptiono@oaic.gov.au,Male,48.104.142.212,Czech Republic
26,Doralynne,Gammidge,dgammidgep@qq.com,Female,139.48.38.92,Philippines
27,Gaultiero,Grestye,ggrestyeq@sciencedaily.com,Male,149.202.28.217,China
28,Katrinka,Trendle,ktrendler@sohu.com,Female,173.48.188.51,Colombia
29,Axe,Curzey,acurzeys@baidu.com,Male,124.198.221.254,Ecuador
30,Thorndike,Thwaites,tthwaitest@intel.com,Male,106.17.73.221,France
31,Aleksandr,Scutts,ascuttsu@meetup.com,Male,183.147.70.37,Portugal
32,Nilson,Lishmund,nlishmundv@cloudflare.com,Male,252.181.144.132,China
33,Hendrika,Scourgie,hscourgiew@stumbleupon.com,Female,80.244.198.23,Russia
34,Giuseppe,Bynold,gbynoldx@bandcamp.com,Male,37.65.30.17,Vietnam
35,Evania,Spada,espaday@xrea.com,Female,22.192.218.34,Russia
36,Merola,Fernie,mferniez@hhs.gov,Female,179.106.179.110,Armenia
37,Gard,Beddall,gbeddall10@plala.or.jp,Male,18.170.38.97,Poland
38,Kathie,Grabban,kgrabban11@hud.gov,Non-binary,121.120.240.10,United States
39,Justus,Noke,jnoke12@uol.com.br,Male,129.17.242.169,China
40,Garold,Verzey,gverzey13@wufoo.com,Male,52.246.209.17,Russia
41,Alia,Dubbin,adubbin14@discovery.com,Female,218.126.138.139,Brazil
42,Egon,Cripin,ecripin15@tripadvisor.com,Male,253.150.52.82,Indonesia
43,Merrilee,Pencost,mpencost16@google.com,Female,183.27.46.37,Armenia
44,Hardy,Philipeau,hphilipeau17@guardian.co.uk,Male,161.133.197.210,China
45,Gussy,Altofts,galtofts18@addtoany.com,Female,110.192.140.226,Norway
46,Bobbie,Lacheze,blacheze19@mayoclinic.com,Male,230.14.80.191,Argentina
47,Haze,Bussons,hbussons1a@upenn.edu,Male,109.163.225.116,France
48,Kirby,Henighan,khenighan1b@scientificamerican.com,Male,45.226.128.63,Albania
49,Martha,Haney,mhaney1c@github.com,Female,53.142.112.61,Burundi
50,Nikki,Myford,nmyford1d@hexun.com,Female,136.117.107.174,Poland
51,Marianna,Goodwin,mgoodwin1e@ucoz.com,Female,253.243.123.105,Indonesia
52,Hazel,Northage,hnorthage1f@trellian.com,Female,253.78.238.55,Argentina
53,Blondell,Torfin,btorfin1g@cdc.gov,Female,72.39.204.150,Czech Republic
54,Kariotta,Geeson,kgeeson1h@cloudflare.com,Female,79.99.97.56,Peru
55,Renell,Venny,rvenny1i@uiuc.edu,Non-binary,223.134.107.146,Portugal
56,Sheelagh,Dales,sdales1j@google.it,Female,182.24.220.122,Japan
57,Fifine,Fullylove,ffullylove1k@salon.com,Female,152.104.133.200,China
58,Betteann,Aaronson,baaronson1l@vinaora.com,Female,89.32.89.92,Russia
59,Ty,McColm,tmccolm1m@go.com,Male,209.111.27.110,Brazil
60,Cristina,Jeffery,cjeffery1n@japanpost.jp,Female,209.73.220.145,Poland
61,Rania,Rennles,rrennles1o@umich.edu,Female,1.204.75.0,Sweden
62,Ross,Flockhart,rflockhart1p@nhs.uk,Polygender,107.159.159.231,Albania
63,Dorree,Anneslie,danneslie1q@feedburner.com,Female,162.55.132.213,Guatemala
64,Lem,Meriet,lmeriet1r@tmall.com,Male,147.170.68.44,Philippines
65,Mirabelle,Olensby,molensby1s@theguardian.com,Female,104.182.232.211,China
66,Lon,MacNucator,lmacnucator1t@sogou.com,Male,85.75.53.41,Poland
67,Leigha,Cowderay,lcowderay1u@wikimedia.org,Female,90.25.202.26,China
68,Mohandis,Verdie,mverdie1v@who.int,Male,130.253.155.175,China
69,Matty,Springle,mspringle1w@addthis.com,Female,156.186.9.121,China
70,Christophorus,Carthew,ccarthew1x@bloglines.com,Male,83.202.30.96,Brazil
71,Olivier,Catt,ocatt1y@boston.com,Male,250.68.92.30,Syria
72,Rakel,Greder,rgreder1z@i2i.jp,Female,100.176.193.82,China
73,Corine,Eyer,ceyer20@php.net,Female,28.43.122.59,China
74,Leslie,Goodbarr,lgoodbarr21@businesswire.com,Female,163.39.138.189,United States
75,Imogen,Goullee,igoullee22@slate.com,Female,223.33.18.229,China
76,Yasmeen,Willgrass,ywillgrass23@reference.com,Polygender,180.235.114.29,China
77,Madalena,Bedo,mbedo24@smh.com.au,Female,125.54.104.61,Vietnam
78,Ame,Binford,abinford25@taobao.com,Agender,25.1.86.92,Indonesia
79,Sibylla,Tejero,stejero26@topsy.com,Female,179.114.105.121,Philippines
80,Malanie,Ivanyushin,mivanyushin27@rakuten.co.jp,Female,21.44.109.109,Philippines
81,Ardenia,Gaize,agaize28@mysql.com,Female,25.73.16.18,Russia
82,Weber,Fordyce,wfordyce29@ucoz.ru,Polygender,39.236.44.77,Thailand
83,Sharon,Le febre,slefebre2a@elegantthemes.com,Genderqueer,11.181.138.39,Colombia
84,Archaimbaud,Astill,aastill2b@bloglines.com,Male,6.140.147.93,Russia
85,Jacquenetta,Pennings,jpennings2c@mediafire.com,Female,191.112.216.28,Ireland
86,Arnold,Glander,aglander2d@list-manage.com,Male,0.211.0.232,Iran
87,Darrell,Paddingdon,dpaddingdon2e@foxnews.com,Male,100.235.90.249,Portugal
88,Far,Huthart,fhuthart2f@hugedomains.com,Male,206.99.126.59,China
89,Rebekkah,Elstub,relstub2g@usa.gov,Genderfluid,241.167.107.230,France
90,Elke,Crisell,ecrisell2h@scribd.com,Female,244.154.130.92,Japan
91,Sebastien,Itscowics,sitscowics2i@intel.com,Male,226.151.141.242,Philippines
92,Barbe,Perfili,bperfili2j@phoca.cz,Female,235.95.207.43,Indonesia
93,Alford,Humpage,ahumpage2k@cafepress.com,Male,115.185.15.121,China
94,Anallese,Totterdill,atotterdill2l@google.ca,Female,226.116.115.210,China
95,Bevin,Josovich,bjosovich2m@wiley.com,Male,36.117.71.186,Mexico
96,Elvin,Deelay,edeelay2n@google.com.br,Male,224.102.3.153,Portugal
97,Berty,Thurborn,bthurborn2o@soundcloud.com,Male,205.220.171.29,Mexico
98,Brandy,Jerson,bjerson2p@printfriendly.com,Agender,23.186.152.104,Brazil
99,Marion,Ockendon,mockendon2q@yandex.ru,Female,25.214.234.189,Russia
100,Richard,Dillet,rdillet2r@dailymail.co.uk,Male,103.104.96.186,Peru
101,Louis,Curds,lcurds2s@php.net,Male,56.69.233.203,Russia
102,Gabriela,Gawthrop,ggawthrop2t@paypal.com,Female,98.54.178.243,Japan
103,Hermie,Farlambe,hfarlambe2u@behance.net,Male,71.113.15.130,China
104,Aveline,Kitteringham,akitteringham2v@instagram.com,Non-binary,214.242.230.98,Vietnam
105,Kaile,Neles,kneles2w@ibm.com,Female,91.242.166.49,Portugal
106,Colin,Elcoat,celcoat2x@technorati.com,Male,140.95.151.81,Afghanistan
107,Roseanna,Brodnecke,rbrodnecke2y@accuweather.com,Female,21.125.65.142,Jamaica
108,Ari,Pearn,apearn2z@nifty.com,Male,112.117.108.140,Czech Republic
109,Janine,Lenard,jlenard30@zdnet.com,Female,36.202.246.231,Azerbaijan
110,Parke,Deeming,pdeeming31@nytimes.com,Male,57.148.212.179,Honduras
111,Obadias,Hazley,ohazley32@pbs.org,Agender,9.58.70.102,Bulgaria
112,Ber,Sandford,bsandford33@java.com,Male,203.86.86.66,Slovenia
113,Zane,Birkmyre,zbirkmyre34@woothemes.com,Genderfluid,226.178.224.81,Chile
114,Kippy,Douglass,kdouglass35@earthlink.net,Male,11.189.204.33,Thailand
115,Marcelia,Dolley,mdolley36@seesaa.net,Genderqueer,142.99.158.208,China
116,Massimo,Climance,mclimance37@reference.com,Male,134.84.63.207,China
117,Marianna,Isenor,misenor38@pcworld.com,Female,204.68.105.196,Libya
118,Brod,Vigors,bvigors39@topsy.com,Male,243.35.139.144,Portugal
119,Carline,Loughney,cloughney3a@china.com.cn,Female,76.74.17.10,Russia
120,Dom,Whiff,dwhiff3b@msu.edu,Male,88.92.91.101,Indonesia
121,Kevyn,Palek,kpalek3c@mayoclinic.com,Female,45.62.184.158,Afghanistan
122,Ilario,Catonne,icatonne3d@businessweek.com,Genderqueer,146.126.215.75,China
123,Kristoffer,Steggals,ksteggals3e@indiegogo.com,Male,245.2.205.11,China
124,Stanly,Whistlecroft,swhistlecroft3f@netvibes.com,Agender,144.236.180.28,Sweden
125,Windham,Spurnier,wspurnier3g@adobe.com,Genderqueer,163.121.182.26,China
126,Ramsay,Mathely,rmathely3h@vk.com,Male,0.245.140.52,China
127,Ayn,Pavey,apavey3i@jalbum.net,Female,137.43.26.186,Bulgaria
128,Martainn,Pandie,mpandie3j@wikimedia.org,Male,167.229.135.48,Malaysia
129,Giles,Cass,gcass3k@nhs.uk,Male,80.242.154.99,Czech Republic
130,Ned,Gilbody,ngilbody3l@tmall.com,Male,197.66.83.42,Indonesia
131,Letta,Furbank,lfurbank3m@123-reg.co.uk,Female,18.49.222.196,Portugal
132,Aurilia,Amiranda,aamiranda3n@google.it,Female,95.84.234.78,Russia
133,Barde,Choppin,bchoppin3o@vkontakte.ru,Male,239.20.163.146,France
134,Jamima,Drayson,jdrayson3p@google.pl,Female,227.25.202.86,Czech Republic
135,Dorette,Twentyman,dtwentyman3q@bbc.co.uk,Female,130.196.99.239,Indonesia
136,Innis,Trower,itrower3r@sciencedaily.com,Male,175.65.83.126,China
137,Alric,Trim,atrim3s@networkadvertising.org,Male,150.210.170.56,Sri Lanka
138,Darb,Cayette,dcayette3t@xing.com,Male,143.98.30.7,Indonesia
139,Cirilo,Duggary,cduggary3u@ehow.com,Genderfluid,29.232.209.88,Philippines
140,Mikel,Ovitz,movitz3v@businesswire.com,Male,12.30.128.170,Sweden
141,Torey,Keary,tkeary3w@europa.eu,Female,243.196.170.226,Canada
142,Kaiser,Impy,kimpy3x@google.ru,Male,241.83.121.67,China
143,Joye,Boller,jboller3y@soundcloud.com,Female,143.213.145.219,United States
144,Teirtza,Braunroth,tbraunroth3z@ft.com,Polygender,188.5.243.201,Thailand
145,Frasco,Nitti,fnitti40@moonfruit.com,Male,98.120.146.201,Sri Lanka
146,Felice,Tessier,ftessier41@pcworld.com,Male,10.182.233.136,Indonesia
147,Melodie,Rodrigo,mrodrigo42@netscape.com,Female,231.2.118.75,Poland
148,Nicholle,Wrack,nwrack43@state.tx.us,Female,74.95.21.16,Indonesia
149,Augy,Sawfoot,asawfoot44@indiegogo.com,Male,42.81.22.223,Colombia
150,Ogdan,Bulfield,obulfield45@bing.com,Male,109.216.230.215,Russia
151,Rae,Cator,rcator46@taobao.com,Female,250.1.190.153,Israel
152,Gloria,Havard,ghavard47@macromedia.com,Female,252.96.234.2,Peru
153,Kenn,Bedberry,kbedberry48@deviantart.com,Male,225.118.196.199,Poland
154,Edvard,Asquith,easquith49@arstechnica.com,Male,76.172.229.18,Zimbabwe
155,Mariellen,Trewinnard,mtrewinnard4a@google.ca,Female,228.142.138.119,Russia
156,Breena,Stowte,bstowte4b@weebly.com,Female,231.34.32.64,Sweden
157,Purcell,Pickersail,ppickersail4c@free.fr,Male,127.179.11.165,South Africa
158,Margarethe,Hawgood,mhawgood4d@fda.gov,Female,168.225.134.110,Indonesia
159,Dee dee,Cranham,dcranham4e@theatlantic.com,Female,144.243.59.228,Latvia
160,Sande,Farrar,sfarrar4f@joomla.org,Female,87.87.204.213,Sweden
161,Imojean,Lumly,ilumly4g@weather.com,Female,172.41.95.95,Canada
162,Aharon,Ridges,aridges4h@statcounter.com,Male,189.123.91.201,Vietnam
163,Maurise,Tivnan,mtivnan4i@reference.com,Male,17.150.159.217,Finland
164,Ines,Roakes,iroakes4j@cafepress.com,Female,105.149.210.64,Philippines
165,Haley,Prigg,hprigg4k@redcross.org,Female,226.207.107.228,Finland
166,Ester,Botterill,ebotterill4l@princeton.edu,Female,215.214.146.116,Russia
167,Tracie,Dybell,tdybell4m@example.com,Male,79.197.86.88,Russia
168,Ramsay,Geeraert,rgeeraert4n@chicagotribune.com,Male,145.36.251.157,Marshall Islands
169,Frasier,Sabater,fsabater4o@about.com,Agender,128.125.194.114,China
170,Sawyer,Guirardin,sguirardin4p@creativecommons.org,Male,47.45.111.69,Philippines
171,Waylon,Solan,wsolan4q@about.com,Male,191.248.122.223,China
172,Mozes,Camlin,mcamlin4r@pinterest.com,Male,212.238.204.129,Indonesia
173,Wilmette,Ervine,wervine4s@sogou.com,Female,14.136.61.187,Ukraine
174,Timothee,Kleynen,tkleynen4t@si.edu,Male,201.117.11.132,Bhutan
175,Ariel,McLinden,amclinden4u@cbsnews.com,Female,46.194.244.118,Guinea
176,Ernesto,Berre,eberre4v@nba.com,Male,58.121.68.70,Indonesia
177,Rustin,Lyptrit,rlyptrit4w@spotify.com,Male,194.210.9.186,Syria
178,Gran,Aysik,gaysik4x@furl.net,Male,58.227.89.140,Nigeria
179,Ed,Orwell,eorwell4y@amazon.co.uk,Male,115.31.19.194,Egypt
180,Burke,Clementucci,bclementucci4z@nba.com,Male,114.184.55.79,Macedonia
181,Sophie,Stanyer,sstanyer50@berkeley.edu,Female,168.230.247.238,Argentina
182,Merle,Frostdicke,mfrostdicke51@time.com,Female,111.76.95.4,Poland
183,Chere,Lokier,clokier52@freewebs.com,Female,21.180.120.60,Japan
184,Alameda,Haswell,ahaswell53@japanpost.jp,Bigender,75.191.75.38,Zambia
185,Palmer,Thacker,pthacker54@infoseek.co.jp,Male,130.126.15.107,Macedonia
186,Nikki,Combes,ncombes55@google.com,Female,192.39.149.121,Russia
187,Yvor,Woolerton,ywoolerton56@mtv.com,Male,90.246.190.28,Italy
188,Aurea,Kyttor,akyttor57@bloomberg.com,Female,204.139.171.221,Iran
189,Abbe,Aldcorn,aaldcorn58@list-manage.com,Female,241.245.243.93,China
190,Allister,Crack,acrack59@buzzfeed.com,Male,120.222.79.56,China
191,Angy,Broadfoot,abroadfoot5a@apache.org,Female,233.36.242.191,Croatia
192,Jereme,Cyson,jcyson5b@diigo.com,Male,128.139.158.219,United States
193,Ole,Kittredge,okittredge5c@thetimes.co.uk,Male,161.134.123.30,Italy
194,Worth,Narbett,wnarbett5d@t.co,Male,160.37.244.137,Papua New Guinea
195,Bamby,Viall,bviall5e@webs.com,Female,79.134.102.99,Sweden
196,Dollie,Jenne,djenne5f@linkedin.com,Genderqueer,151.108.50.67,Indonesia
197,Moyna,Kemster,mkemster5g@topsy.com,Female,58.177.179.255,Kuwait
198,Berkie,Urlin,burlin5h@cbslocal.com,Male,166.199.248.93,United States
199,Veronika,Asling,vasling5i@miitbeian.gov.cn,Polygender,224.107.129.107,China
200,Lucais,Duerden,lduerden5j@miibeian.gov.cn,Male,29.217.107.67,Russia
201,Chicky,Alven,calven5k@php.net,Genderqueer,140.103.146.246,Brazil
202,Odelia,Wallbanks,owallbanks5l@ovh.net,Female,245.154.48.226,China
203,Steven,Stanmore,sstanmore5m@wikispaces.com,Male,52.116.220.12,Syria
204,Gae,Normadell,gnormadell5n@newsvine.com,Female,166.38.230.17,Albania
205,Linzy,McPheat,lmcpheat5o@yellowpages.com,Female,75.90.237.137,China
206,Dyna,L'Episcopi,dlepiscopi5p@theguardian.com,Female,172.21.9.118,United States
207,Bran,Scocroft,bscocroft5q@accuweather.com,Male,64.55.74.52,Peru
208,Reid,Albrooke,ralbrooke5r@psu.edu,Male,4.64.207.20,Japan
209,Johannah,Rolland,jrolland5s@imageshack.us,Female,198.119.147.187,Sweden
210,Erick,Deerr,edeerr5t@dailymotion.com,Male,171.22.169.49,Philippines
211,Gabby,Spiniello,gspiniello5u@nyu.edu,Male,237.205.65.55,Russia
212,Gail,Beacroft,gbeacroft5v@abc.net.au,Female,130.155.100.40,China
213,Revkah,Parfett,rparfett5w@sourceforge.net,Female,139.57.245.7,Greece
214,Giffie,Childes,gchildes5x@blogs.com,Genderfluid,250.78.58.152,Japan
215,Otho,Oaks,ooaks5y@harvard.edu,Male,102.149.255.156,United Kingdom
216,Gearalt,Whittet,gwhittet5z@seattletimes.com,Male,105.184.57.124,China
217,Chrisse,Soff,csoff60@w3.org,Male,242.220.115.117,Indonesia
218,Phyllida,Preto,ppreto61@last.fm,Female,230.232.218.85,Czech Republic
219,Everett,Cabrara,ecabrara62@theglobeandmail.com,Male,115.206.70.239,China
220,Anissa,Varley,avarley63@rambler.ru,Agender,216.85.169.83,Japan
221,Cyb,Dach,cdach64@ameblo.jp,Female,239.14.148.39,East Timor
222,Rees,de Wilde,rdewilde65@reddit.com,Male,208.156.208.230,Afghanistan
223,Jory,Ransom,jransom66@amazon.com,Male,231.97.14.51,Albania
224,Tiffany,Oxnam,toxnam67@discovery.com,Female,151.134.127.139,South Africa
225,Kippy,Draysey,kdraysey68@joomla.org,Female,165.40.34.242,Indonesia
226,Harlan,Tunnah,htunnah69@webnode.com,Male,80.173.20.167,Russia
227,Nicholas,Sleigh,nsleigh6a@senate.gov,Male,27.155.254.67,France
228,Roxanne,Leipold,rleipold6b@slideshare.net,Female,199.84.41.106,China
229,Bernadene,Jandel,bjandel6c@sciencedirect.com,Female,124.118.87.154,Mongolia
230,Deanne,Allcoat,dallcoat6d@imageshack.us,Female,69.103.221.255,Spain
231,Gianna,Firbanks,gfirbanks6e@who.int,Female,71.138.130.23,Portugal
232,Shayne,Baskerfield,sbaskerfield6f@imdb.com,Male,194.215.13.13,China
233,Shepherd,Ridehalgh,sridehalgh6g@liveinternet.ru,Male,242.51.44.174,China
234,Grange,Bushaway,gbushaway6h@shop-pro.jp,Male,136.127.245.108,Tanzania
235,Gertrude,Gillis,ggillis6i@dailymail.co.uk,Female,206.128.22.214,Indonesia
236,Yvette,Bovaird,ybovaird6j@ebay.co.uk,Female,53.190.39.26,Albania
237,Catherine,Driffill,cdriffill6k@networksolutions.com,Female,101.173.70.6,Vietnam
238,Fairleigh,Pescod,fpescod6l@toplist.cz,Male,2.237.141.194,France
239,Osmund,Lowe,olowe6m@soundcloud.com,Male,169.6.73.50,China
240,Mame,Axelbey,maxelbey6n@live.com,Female,146.192.146.76,Greece
241,Ingunna,Munkley,imunkley6o@imgur.com,Female,121.241.111.140,Portugal
242,Britney,Pund,bpund6p@ox.ac.uk,Female,80.68.117.211,Philippines
243,Penny,Forrestill,pforrestill6q@fema.gov,Female,242.77.175.241,Indonesia
244,Nickola,Lethbrig,nlethbrig6r@sakura.ne.jp,Male,114.148.80.15,China
245,Ky,Fivey,kfivey6s@histats.com,Male,223.129.31.204,North Korea
246,Kellyann,Coghlin,kcoghlin6t@shutterfly.com,Agender,121.32.89.166,Ukraine
247,Ellswerth,Banke,ebanke6u@census.gov,Male,0.77.104.186,China
248,Englebert,Simkovich,esimkovich6v@tumblr.com,Male,237.168.5.195,Brazil
249,Henrik,Cardno,hcardno6w@youtube.com,Male,228.87.0.101,Czech Republic
250,Lombard,Vynehall,lvynehall6x@ehow.com,Male,45.21.204.237,United States
251,Martelle,Luddy,mluddy6y@cam.ac.uk,Female,245.212.120.22,France
252,Gaynor,Whewill,gwhewill6z@vistaprint.com,Female,215.47.255.85,Tanzania
253,Ellary,Kneesha,ekneesha70@foxnews.com,Genderfluid,78.155.230.119,Malaysia
254,Friedrick,Di Giacomettino,fdigiacomettino71@amazon.de,Male,86.42.150.93,Indonesia
255,Brnaby,Royds,broyds72@cyberchimps.com,Male,107.173.217.181,France
256,Joshua,Stean,jstean73@icio.us,Male,80.155.173.176,China
257,Bethanne,Fairney,bfairney74@netscape.com,Female,65.64.123.228,Indonesia
258,Nada,Ledster,nledster75@wikimedia.org,Female,68.11.16.12,Cameroon
259,Aguste,Maund,amaund76@clickbank.net,Male,74.187.251.194,Russia
260,Edyth,Pelfer,epelfer77@washington.edu,Female,201.245.49.85,China
261,Roseann,Cressingham,rcressingham78@blogger.com,Female,162.193.49.210,China
262,Elita,Corden,ecorden79@com.com,Female,222.95.210.160,Indonesia
263,Bertha,Sabin,bsabin7a@ebay.co.uk,Female,176.177.220.182,Czech Republic
264,Anneliese,Blankman,ablankman7b@google.nl,Female,149.178.49.147,China
265,Lyn,Maden,lmaden7c@ucoz.ru,Male,103.83.184.7,Ukraine
266,Layla,Dron,ldron7d@hostgator.com,Female,80.193.81.213,Indonesia
267,Arleen,Ratley,aratley7e@unc.edu,Female,28.16.21.40,Indonesia
268,Erena,Fowley,efowley7f@last.fm,Female,148.146.231.133,Honduras
269,Alexander,M'cowis,amcowis7g@gravatar.com,Male,127.44.52.190,Colombia
270,Ernst,Rewcassell,erewcassell7h@merriam-webster.com,Male,14.119.69.105,China
271,Aloysia,Olenin,aolenin7i@techcrunch.com,Female,233.18.217.54,Armenia
272,Adrian,Kinny,akinny7j@loc.gov,Male,107.112.57.176,Nicaragua
273,Georg,Baroch,gbaroch7k@boston.com,Male,52.18.148.45,Indonesia
274,Mark,Fortie,mfortie7l@shop-pro.jp,Male,165.167.188.46,Russia
275,Elke,Evill,eevill7m@tinypic.com,Female,192.12.19.71,Indonesia
276,Pieter,Scrowby,pscrowby7n@mozilla.com,Male,121.237.71.97,Philippines
277,Gabbey,Philippou,gphilippou7o@example.com,Female,255.4.245.24,Afghanistan
278,Madison,Chatenet,mchatenet7p@soundcloud.com,Male,177.17.216.81,China
279,Burnaby,Spacy,bspacy7q@smugmug.com,Agender,177.188.147.37,Colombia
280,Creighton,Learmont,clearmont7r@census.gov,Male,168.116.168.48,Kosovo
281,Tammara,Wealthall,twealthall7s@spiegel.de,Agender,115.216.101.28,Finland
282,Langsdon,Clingoe,lclingoe7t@earthlink.net,Male,234.22.247.76,Albania
283,Malena,Edgerly,medgerly7u@microsoft.com,Female,112.134.66.218,Bangladesh
284,Raimund,Muller,rmuller7v@rediff.com,Male,5.52.172.62,Macedonia
285,Kori,Wase,kwase7w@ustream.tv,Non-binary,186.143.178.96,China
286,Vincents,Overshott,vovershott7x@nba.com,Male,175.53.194.99,Czech Republic
287,Miguela,Gowen,mgowen7y@fema.gov,Female,87.165.204.225,China
288,Dasya,McKennan,dmckennan7z@china.com.cn,Female,232.82.87.1,Indonesia
289,Irina,Ringham,iringham80@japanpost.jp,Female,199.227.250.178,Thailand
290,Graehme,Yakunkin,gyakunkin81@newyorker.com,Male,89.175.9.121,Colombia
291,Nefen,Krale,nkrale82@infoseek.co.jp,Male,97.35.14.109,Argentina
292,Gray,Hatherell,ghatherell83@goodreads.com,Male,174.187.47.49,Indonesia
293,Kermie,Imesson,kimesson84@hibu.com,Male,77.20.28.60,Yemen
294,Leeland,Jiruch,ljiruch85@lycos.com,Male,65.237.155.131,Russia
295,Lorettalorna,Hatley,lhatley86@tuttocitta.it,Female,142.251.39.1,Albania
296,Dell,Kimbley,dkimbley87@jugem.jp,Male,164.201.221.116,Russia
297,Rolf,Leyman,rleyman88@1688.com,Male,105.175.105.61,China
298,Sherwin,McKea,smckea89@google.it,Male,241.61.126.89,Macedonia
299,Meridel,Birks,mbirks8a@yelp.com,Female,220.30.131.69,Peru
300,Giavani,Blandamore,gblandamore8b@istockphoto.com,Male,128.17.58.46,Czech Republic
301,Del,Celand,dceland8c@networkadvertising.org,Male,105.238.193.75,Afghanistan
302,Cleavland,Hutley,chutley8d@elpais.com,Male,211.118.86.98,China
303,Phillip,Sonner,psonner8e@home.pl,Male,107.233.65.54,Russia
304,Cy,Dunbar,cdunbar8f@illinois.edu,Male,75.222.50.1,Portugal
305,Suzanna,Slowley,sslowley8g@sitemeter.com,Female,247.184.147.89,Russia
306,Garv,Ruvel,gruvel8h@vistaprint.com,Male,165.186.140.1,Indonesia
307,Monique,Tomaino,mtomaino8i@desdev.cn,Agender,45.218.24.99,China
308,Rolf,Craydon,rcraydon8j@blinklist.com,Male,195.184.94.140,China
309,Francklin,Barling,fbarling8k@cpanel.net,Male,16.245.249.240,Philippines
310,Revkah,Iffe,riffe8l@ask.com,Female,2.142.79.130,Indonesia
311,Farris,Nassie,fnassie8m@joomla.org,Male,103.178.5.172,China
312,Kincaid,Moreinu,kmoreinu8n@nifty.com,Male,200.158.230.97,Indonesia
313,Friedrick,Belderson,fbelderson8o@technorati.com,Male,250.207.139.129,Russia
314,Kristo,de Clerk,kdeclerk8p@sun.com,Male,208.11.197.199,Mongolia
315,Bing,Kingswold,bkingswold8q@tripadvisor.com,Male,132.183.90.6,Philippines
316,Bertie,Vouls,bvouls8r@drupal.org,Female,115.63.172.123,Poland
317,Sally,Ginman,sginman8s@nationalgeographic.com,Female,8.233.85.170,China
318,Teodor,Trainer,ttrainer8t@infoseek.co.jp,Male,134.81.57.81,Cuba
319,Corette,Kelshaw,ckelshaw8u@netscape.com,Female,151.130.214.124,Greece
320,Hazlett,Easman,heasman8v@tinypic.com,Non-binary,45.191.151.242,France
321,Coleman,Queyeiro,cqueyeiro8w@npr.org,Non-binary,46.143.36.224,Portugal
322,Roch,Saura,rsaura8x@altervista.org,Bigender,130.70.33.22,Brazil
323,Kellen,Tremathack,ktremathack8y@admin.ch,Female,214.66.204.102,Poland
324,Roseann,MacGaughy,rmacgaughy8z@fda.gov,Female,73.222.2.52,El Salvador
325,Rheta,Jeaneau,rjeaneau90@liveinternet.ru,Polygender,192.129.71.54,Sweden
326,Kaspar,Vowells,kvowells91@marriott.com,Male,35.65.253.143,Russia
327,Annabella,Cranmere,acranmere92@webnode.com,Female,134.45.182.77,Ethiopia
328,Edie,Leith-Harvey,eleithharvey93@businesswire.com,Female,18.133.95.5,Tajikistan
329,Adoree,De Andreis,adeandreis94@godaddy.com,Female,9.82.194.76,Sweden
330,Hilario,Gutherson,hgutherson95@hexun.com,Bigender,223.13.211.80,China
331,Waylin,Abelson,wabelson96@alexa.com,Male,188.161.74.135,Venezuela
332,Amabel,Clarae,aclarae97@ted.com,Female,58.189.153.203,United States
333,Wynn,Bushrod,wbushrod98@npr.org,Male,8.164.130.137,Brazil
334,Kerrie,Kerrane,kkerrane99@storify.com,Female,191.26.20.112,Indonesia
335,Hortense,Joreau,hjoreau9a@redcross.org,Female,185.3.126.40,Greece
336,Charmian,Eckersall,ceckersall9b@moonfruit.com,Female,62.206.119.67,Chile
337,Bertrando,Labrone,blabrone9c@stumbleupon.com,Male,195.9.29.80,Poland
338,Louis,Hyde-Chambers,lhydechambers9d@sina.com.cn,Male,203.201.102.167,China
339,Townsend,Bolus,tbolus9e@about.com,Male,33.248.245.146,Ghana
340,Osmund,Adriaan,oadriaan9f@paypal.com,Male,137.130.187.95,Latvia
341,Archer,Fairburn,afairburn9g@jigsy.com,Male,73.192.178.241,Russia
342,Gabby,Watson,gwatson9h@hhs.gov,Male,173.167.2.201,China
343,Herold,Blampy,hblampy9i@skype.com,Male,7.216.244.142,Indonesia
344,Danice,Norcliff,dnorcliff9j@gizmodo.com,Female,228.135.153.211,Philippines
345,Rickie,Knight,rknight9k@over-blog.com,Female,72.45.121.160,Mongolia
346,Reginauld,Spindler,rspindler9l@narod.ru,Male,2.160.17.251,China
347,Trace,Watterson,twatterson9m@icq.com,Male,57.152.11.55,Ukraine
348,Paddy,Standall,pstandall9n@upenn.edu,Male,92.163.203.253,Germany
349,Carlin,Ronan,cronan9o@cloudflare.com,Female,156.130.225.212,China
350,Pippa,Apdell,papdell9p@w3.org,Female,62.209.125.200,Ivory Coast
351,Murdock,Saffrin,msaffrin9q@dmoz.org,Male,204.114.91.146,Brazil
352,Ray,Mussared,rmussared9r@hugedomains.com,Male,57.168.190.128,Indonesia
353,Nelia,McSperrin,nmcsperrin9s@tmall.com,Female,104.82.14.176,Poland
354,Alfred,Baytrop,abaytrop9t@google.de,Male,236.253.211.178,Ukraine
355,Myrwyn,Meighan,mmeighan9u@redcross.org,Male,192.156.91.103,Malaysia
356,Cristina,Bargery,cbargery9v@about.me,Female,108.140.162.38,Burkina Faso
357,Kristian,Ranking,kranking9w@google.nl,Male,103.239.164.27,China
358,Kirby,Axelbey,kaxelbey9x@furl.net,Male,213.223.108.50,China
359,Costanza,Burgess,cburgess9y@mail.ru,Female,217.31.241.174,Russia
360,Othilia,Crighton,ocrighton9z@trellian.com,Female,30.147.26.74,China
361,Tamarah,Espie,tespiea0@networksolutions.com,Female,75.145.80.161,Poland
362,Kent,Matoshin,kmatoshina1@dot.gov,Male,8.65.239.1,Finland
363,Leonore,Arends,larendsa2@engadget.com,Female,131.183.254.92,Czech Republic
364,Cleve,Trounce,ctrouncea3@myspace.com,Non-binary,203.234.161.134,Russia
365,Darb,Kleinplatz,dkleinplatza4@yelp.com,Female,103.63.141.214,Poland
366,Ginnifer,Elford,gelforda5@bloglines.com,Female,234.211.236.144,North Korea
367,Shannan,Hedge,shedgea6@salon.com,Male,143.209.236.229,China
368,Lilyan,Flaonier,lflaoniera7@ucoz.ru,Female,136.137.132.122,United States
369,Svend,Dorgan,sdorgana8@smugmug.com,Bigender,189.72.159.225,China
370,Jermayne,Garred,jgarreda9@unicef.org,Genderqueer,244.29.253.99,Russia
371,Brant,Baffin,bbaffinaa@hud.gov,Male,122.164.235.131,Sweden
372,Krispin,Peck,kpeckab@mysql.com,Male,80.179.252.121,Indonesia
373,Lula,Ferney,lferneyac@clickbank.net,Female,56.198.246.172,Japan
374,Cobbie,Harrie,charriead@howstuffworks.com,Polygender,28.13.23.23,Indonesia
375,Kennett,Pudden,kpuddenae@goo.gl,Male,45.172.89.8,Argentina
376,Shelly,Qualtrough,squaltroughaf@upenn.edu,Female,195.127.167.211,Venezuela
377,Mirilla,Zanetello,mzanetelloag@topsy.com,Female,59.245.132.37,Bahrain
378,Maggi,McCaster,mmccasterah@smugmug.com,Female,161.166.33.191,Canada
379,Mavra,Edser,medserai@devhub.com,Female,167.84.180.112,China
380,Tamar,Vallack,tvallackaj@indiatimes.com,Female,155.94.103.198,Thailand
381,Pate,Cornelleau,pcornelleauak@alexa.com,Male,245.156.111.209,China
382,Kassie,Gawn,kgawnal@mail.ru,Female,3.157.175.163,China
383,Randell,Colvie,rcolvieam@1688.com,Male,153.180.85.249,Hungary
384,Jordanna,Dorow,jdorowan@sakura.ne.jp,Genderfluid,230.49.202.150,Japan
385,Dominic,Dimblebee,ddimblebeeao@wiley.com,Male,193.246.151.84,Thailand
386,Micki,Esposita,mespositaap@eventbrite.com,Female,225.159.102.108,Philippines
387,Jamaal,Baswall,jbaswallaq@wp.com,Male,195.75.3.196,Portugal
388,Randall,Merck,rmerckar@macromedia.com,Male,241.208.210.141,South Korea
389,Parke,Maureen,pmaureenas@is.gd,Male,112.71.55.12,Mexico
390,Abba,Male,amaleat@webeden.co.uk,Male,93.10.92.195,Indonesia
391,Putnem,Trangmar,ptrangmarau@latimes.com,Male,11.119.59.232,Philippines
392,Orson,Edworthy,oedworthyav@jalbum.net,Genderqueer,215.20.73.69,Indonesia
393,Pattin,Narraway,pnarrawayaw@last.fm,Male,145.185.17.37,Colombia
394,Fredrick,Ladbrooke,fladbrookeax@freewebs.com,Male,253.144.224.253,Cameroon
395,Phil,Giacobini,pgiacobiniay@cyberchimps.com,Male,124.238.233.64,Somalia
396,Kaila,Bains,kbainsaz@gnu.org,Female,239.180.161.101,Ivory Coast
397,Paulita,Alderman,paldermanb0@hatena.ne.jp,Female,77.215.131.179,Sweden
398,Filmer,Albrook,falbrookb1@unesco.org,Male,52.108.191.35,Indonesia
399,Caria,Broad,cbroadb2@chron.com,Female,205.108.253.158,China
400,Paolo,Wetherburn,pwetherburnb3@house.gov,Non-binary,217.176.43.222,Taiwan
401,Jereme,Vost,jvostb4@about.me,Male,146.111.46.81,Palestinian Territory
402,Codie,Murcutt,cmurcuttb5@un.org,Female,217.78.5.36,China
403,Shandy,Hurrell,shurrellb6@zdnet.com,Genderfluid,194.208.53.211,United States
404,Tallulah,Gaucher,tgaucherb7@wordpress.org,Female,177.21.76.184,China
405,Redford,Redfern,rredfernb8@google.cn,Male,28.219.80.117,Indonesia
406,Burt,Elsey,belseyb9@businessinsider.com,Male,105.244.154.116,Philippines
407,Mack,Sam,msamba@unc.edu,Male,38.58.124.185,Finland
408,Ricki,Goodbody,rgoodbodybb@unblog.fr,Non-binary,151.49.33.72,Philippines
409,Engelbert,Dodds,edoddsbc@slashdot.org,Male,21.132.158.207,Ukraine
410,Marget,McSperrin,mmcsperrinbd@theglobeandmail.com,Female,1.191.226.170,Indonesia
411,Ryley,Louder,rlouderbe@sogou.com,Male,127.66.79.222,Uzbekistan
412,Darby,Portwain,dportwainbf@constantcontact.com,Female,89.111.35.154,Peru
413,Riane,Yitshak,ryitshakbg@nba.com,Female,208.181.238.103,Kazakhstan
414,Charleen,Veillard,cveillardbh@sciencedirect.com,Female,8.128.67.41,China
415,Jerry,Guerin,jguerinbi@w3.org,Male,145.250.216.136,Portugal
416,Emyle,Sapey,esapeybj@blinklist.com,Female,63.188.248.88,United States
417,Franchot,Wilks,fwilksbk@livejournal.com,Male,244.236.78.129,Iran
418,Richmond,Hollingsbee,rhollingsbeebl@ning.com,Male,67.200.191.35,Uzbekistan
419,Lishe,Gaythwaite,lgaythwaitebm@abc.net.au,Female,43.184.143.214,Vietnam
420,Ade,Cowton,acowtonbn@wiley.com,Male,114.118.170.57,Argentina
421,Klara,Jarvie,kjarviebo@surveymonkey.com,Female,81.103.16.159,Finland
422,Lorilee,Connal,lconnalbp@fc2.com,Female,231.165.201.182,Philippines
423,Aguie,Fotheringham,afotheringhambq@paypal.com,Male,2.17.95.89,China
424,Barbabas,Glanister,bglanisterbr@cdbaby.com,Male,77.7.209.155,Czech Republic
425,Paolo,Hew,phewbs@abc.net.au,Male,64.244.189.240,Cuba
426,Augie,Lis,alisbt@nytimes.com,Male,167.129.216.255,Macedonia
427,Simonne,Rentilll,srentilllbu@upenn.edu,Female,155.35.24.216,Peru
428,Nissa,Shoreson,nshoresonbv@wikia.com,Female,224.127.130.152,United States
429,Gavin,Pfiffer,gpfifferbw@github.com,Male,37.189.72.1,Philippines
430,Thibaud,Di Pietro,tdipietrobx@is.gd,Male,169.17.241.84,Russia
431,Gennie,Mains,gmainsby@behance.net,Female,109.52.186.21,Russia
432,Bradley,Downe,bdownebz@si.edu,Male,138.211.16.240,Philippines
433,Vasilis,Picopp,vpicoppc0@ifeng.com,Male,247.160.70.150,Indonesia
434,Ranna,Biasioni,rbiasionic1@opera.com,Female,224.7.184.105,Morocco
435,Nealson,Yekel,nyekelc2@ocn.ne.jp,Male,78.25.32.223,Russia
436,Donni,Deboo,ddebooc3@hhs.gov,Female,79.29.20.74,Portugal
437,Westbrook,Dautry,wdautryc4@paypal.com,Male,61.195.134.60,France
438,Gabie,Stuchberry,gstuchberryc5@sogou.com,Male,161.19.46.203,Japan
439,Avery,Stollard,astollardc6@omniture.com,Male,220.7.197.236,Indonesia
440,Merilyn,Denyukhin,mdenyukhinc7@cbslocal.com,Non-binary,105.172.238.91,China
441,Berti,Radcliffe,bradcliffec8@weather.com,Male,207.191.203.62,Japan
442,Andie,Clawe,aclawec9@tinyurl.com,Male,243.85.50.215,Jordan
443,Alexia,Clarycott,aclarycottca@tiny.cc,Female,229.29.37.29,Colombia
444,Calv,Cock,ccockcb@boston.com,Male,118.255.245.7,Brazil
445,Camel,Oxtaby,coxtabycc@webeden.co.uk,Female,132.141.217.64,China
446,Alfreda,Douce,adoucecd@friendfeed.com,Female,183.246.225.38,Nauru
447,Adah,Coger,acogerce@netlog.com,Female,135.102.93.236,Czech Republic
448,Marja,Petre,mpetrecf@weibo.com,Female,31.93.211.70,Sweden
449,Arni,Meuse,ameusecg@vimeo.com,Male,249.141.53.174,Seychelles
450,Julius,Beamiss,jbeamissch@wix.com,Male,181.98.242.158,Syria
451,Norman,Rigney,nrigneyci@over-blog.com,Male,152.111.96.31,Indonesia
452,Nealson,Phayre,nphayrecj@rakuten.co.jp,Male,188.34.254.227,Indonesia
453,Hedvig,Chadwen,hchadwenck@squarespace.com,Female,27.0.149.32,Colombia
454,Lowe,Johnstone,ljohnstonecl@canalblog.com,Male,151.43.61.125,China
455,Edithe,Curson,ecursoncm@blogspot.com,Female,130.7.38.31,China
456,Dagmar,Ratledge,dratledgecn@yale.edu,Female,15.138.240.47,Japan
457,Nicol,Mart,nmartco@hhs.gov,Female,162.98.227.2,Guatemala
458,Milicent,Antonopoulos,mantonopouloscp@ning.com,Female,155.151.54.66,Japan
459,Lissa,Noddles,lnoddlescq@disqus.com,Female,65.247.102.105,Thailand
460,Ronni,Franzoli,rfranzolicr@yellowpages.com,Genderfluid,58.38.255.166,China
461,Pauly,Scrowton,pscrowtoncs@shutterfly.com,Male,216.101.116.17,Indonesia
462,Felipe,Phil,fphilct@deviantart.com,Male,56.228.5.81,Mauritius
463,Rolfe,Newstead,rnewsteadcu@freewebs.com,Male,205.15.91.171,China
464,Auguste,Jean,ajeancv@nydailynews.com,Female,254.199.126.16,Greece
465,Katleen,Ivanyukov,kivanyukovcw@ebay.com,Female,146.185.65.51,Ukraine
466,Dalston,Cliff,dcliffcx@theatlantic.com,Male,154.122.119.236,China
467,Sargent,Medforth,smedforthcy@europa.eu,Male,115.32.206.217,Russia
468,Olva,McLane,omclanecz@webs.com,Female,17.210.121.179,France
469,Binnie,Wardel,bwardeld0@nifty.com,Female,122.243.97.214,Greece
470,Ruthie,Baughen,rbaughend1@diigo.com,Female,223.99.161.64,Indonesia
471,Regan,Cosby,rcosbyd2@ihg.com,Male,190.117.227.112,Colombia
472,Suki,Parmeter,sparmeterd3@pbs.org,Female,252.237.255.15,Peru
473,Maiga,Andrea,mandread4@europa.eu,Female,167.238.203.182,Angola
474,Osborne,Thirst,othirstd5@reddit.com,Polygender,152.129.107.207,Ukraine
475,Jillana,Muirden,jmuirdend6@wix.com,Female,81.246.141.175,South Africa
476,Gherardo,de Voiels,gdevoielsd7@dagondesign.com,Male,118.197.170.236,Greece
477,Ethelred,Guiton,eguitond8@edublogs.org,Male,99.115.116.106,Russia
478,Johnnie,Mussotti,jmussottid9@independent.co.uk,Male,53.45.44.221,Egypt
479,Sissie,Rochford,srochfordda@youtube.com,Female,212.186.186.114,China
480,Deck,Clougher,dclougherdb@t-online.de,Male,182.72.93.179,Poland
481,Hersch,Alans,halansdc@purevolume.com,Male,74.24.91.98,Kazakhstan
482,Clio,Shegog,cshegogdd@behance.net,Polygender,183.209.83.193,China
483,Rose,Skrzynski,rskrzynskide@nyu.edu,Female,245.177.63.29,China
484,Merrielle,Grishakin,mgrishakindf@feedburner.com,Female,208.27.39.25,Poland
485,Scarlett,Pullman,spullmandg@dyndns.org,Female,80.176.56.128,Poland
486,Stacee,Thonger,sthongerdh@walmart.com,Male,98.217.209.122,Spain
487,Felecia,Fellibrand,ffellibranddi@geocities.com,Female,62.18.17.40,China
488,Clair,Horburgh,chorburghdj@kickstarter.com,Male,232.115.155.39,Slovenia
489,Aidan,Sandle,asandledk@senate.gov,Female,226.137.92.144,Russia
490,Johannes,Scowen,jscowendl@nhs.uk,Male,178.69.205.35,Netherlands
491,Donnie,Linebarger,dlinebargerdm@wired.com,Male,225.120.24.21,Ecuador
492,Emogene,Coleson,ecolesondn@arizona.edu,Female,133.159.178.188,Indonesia
493,Tobe,Melbourne,tmelbournedo@lulu.com,Male,140.76.137.153,Yemen
494,Hermon,Pitts,hpittsdp@pcworld.com,Male,168.199.126.152,Gambia
495,Derrick,Meeland,dmeelanddq@google.cn,Male,76.22.235.206,China
496,Ado,McCaghan,amccaghandr@discovery.com,Male,91.137.127.1,Chile
497,Shepperd,Camoys,scamoysds@skyrock.com,Male,27.89.190.208,Philippines
498,Antonietta,Terlinden,aterlindendt@people.com.cn,Female,153.186.147.74,Indonesia
499,Natalee,McGraith,nmcgraithdu@uol.com.br,Female,208.237.122.216,France
500,Kelly,Bolwell,kbolwelldv@arstechnica.com,Male,144.99.247.18,Portugal