id,first_name,last_name,email,gender,ip_address,country
1,Al,Fife,afife0@ed.gov,Male,26.55.24.78,France
2,Devondra,Cutford,dcutford1@homestead.com,Female,80.117.79.76,Croatia
3,Perry,Cadreman,pcadreman2@wired.com,Male,92.187.16.24,Indonesia
4,Barnie,Dockerty,bdockerty3@discovery.com,Male,53.131.121.172,France
5,Ram,Jaslem,rjaslem4@slashdot.org,Male,9.86.246.207,Russia
6,Rutherford,Davage,rdavage5@jimdo.com,Male,50.181.67.185,Russia
7,Wandis,Poutress,wpoutress6@dmoz.org,Agender,98.246.233.193,China
8,Gery,Clemenson,gclemenson7@addtoany.com,Male,189.206.237.87,Benin
9,Sada,Steenson,ssteenson8@salon.com,Bigender,243.24.73.251,Philippines
10,Lazaro,Towersey,ltowersey9@rambler.ru,Male,226.56.227.46,China
11,Tammara,Stockau,tstockaua@seesaa.net,Female,184.157.226.6,Serbia
12,Trudie,Wakeley,twakeleyb@gmpg.org,Female,243.216.225.138,Sweden
13,Alicea,Bernet,abernetc@de.vu,Female,92.97.132.152,Brazil
14,Clyve,Robardet,crobardetd@netvibes.com,Male,73.98.169.159,Philippines
15,Stephi,Kuhnel,skuhnele@adobe.com,Female,19.228.199.79,China
16,Baillie,Bartkowiak,bbartkowiakf@issuu.com,Male,72.49.40.19,Indonesia
17,Alfred,Beernt,abeerntg@harvard.edu,Male,5.11.69.244,Canada
18,Holly-anne,Croucher,hcroucherh@dedecms.com,Female,119.253.153.98,China
19,Annis,Schuricht,aschurichti@joomla.org,Female,59.56.69.35,China
20,Ellene,Fetherstan,efetherstanj@chicagotribune.com,Female,95.227.29.65,Chad
21,Urbanus,Widdison,uwiddisonk@apple.com,Male,94.16.96.227,Indonesia
22,Rosalia,Harrowing,rharrowingl@dyndns.org,Female,15.93.115.141,Indonesia
23,Deanna,Jonas,djonasm@skyrock.com,Female,108.149.81.209,China
24,Rafe,Bruun,rbruunn@xinhuanet.com,Male,9.138.86.111,Philippines
25,Cass,Struis,cstruiso@yellowbook.com,Female,92.119.154.173,Sweden
26,Mirella,Moorhead,mmoorheadp@economist.com,Female,161.247.75.40,Ecuador
27,Kaylee,Studholme,kstudholmeq@godaddy.com,Female,105.100.172.253,China
28,Norton,Leveritt,nleverittr@photobucket.com,Male,41.148.158.34,Slovenia
29,Noella,McGavigan,nmcgavigans@imgur.com,Female,42.0.37.101,Portugal
30,Guilbert,Dowyer,gdowyert@europa.eu,Male,54.105.37.137,Argentina
31,Lonny,Hellwich,lhellwichu@quantcast.com,Male,78.135.255.130,Portugal
32,Shadow,Milverton,smilvertonv@nps.gov,Male,105.209.117.132,Croatia
33,Felicdad,MacMoyer,fmacmoyerw@msn.com,Female,14.227.41.169,Germany
34,Carla,Fryers,cfryersx@ameblo.jp,Female,149.252.3.208,China
35,Florella,Kennea,fkenneay@adobe.com,Female,4.165.230.252,France
36,Flossy,Cripin,fcripinz@telegraph.co.uk,Genderqueer,164.225.47.125,Thailand
37,Aleece,Lechelle,alechelle10@ed.gov,Female,206.242.61.197,China
38,Kitti,Kempshall,kkempshall11@goodreads.com,Female,12.162.105.172,China
39,Vasily,Posselt,vposselt12@fastcompany.com,Male,62.246.244.116,Belarus
40,Gideon,Aylott,gaylott13@bluehost.com,Male,83.88.192.227,China
41,Cody,Greenwood,cgreenwood14@acquirethisname.com,Female,195.166.197.109,Poland
42,Lock,Sendley,lsendley15@jugem.jp,Male,219.117.231.125,Canada
43,Rosetta,Myrkus,rmyrkus16@tmall.com,Female,37.172.116.168,Jamaica
44,Forester,Georgeot,fgeorgeot17@edublogs.org,Male,124.95.99.44,Japan
45,Thane,Riddich,triddich18@fotki.com,Male,174.245.75.50,Finland
46,Flori,Balling,fballing19@de.vu,Female,230.128.208.123,China
47,Tudor,Bowker,tbowker1a@nih.gov,Male,3.160.165.147,China
48,Inger,D'Angeli,idangeli1b@nifty.com,Male,85.245.106.92,China
49,Junie,Tomson,jtomson1c@multiply.com,Female,173.222.48.133,Indonesia
50,Rosalie,Shipton,rshipton1d@github.com,Female,0.11.44.49,Panama
51,Ursa,Aleshintsev,ualeshintsev1e@utexas.edu,Female,173.220.251.236,China
52,Pembroke,Lawee,plawee1f@symantec.com,Male,39.157.138.109,France
53,Ortensia,Krysztowczyk,okrysztowczyk1g@usda.gov,Female,73.46.243.197,Colombia
54,Joella,Delamar,jdelamar1h@nymag.com,Female,242.78.45.13,Malaysia
55,Nance,Haveline,nhaveline1i@google.nl,Female,79.179.98.27,Cape Verde
56,Kati,Conaboy,kconaboy1j@drupal.org,Female,113.127.94.184,Indonesia
57,Darrell,Winman,dwinman1k@nba.com,Male,118.238.188.183,Poland
58,Norry,Fearenside,nfearenside1l@npr.org,Male,101.169.164.229,Paraguay
59,Willa,Redford,wredford1m@go.com,Non-binary,210.255.71.87,China
60,Milissent,Depper,mdepper1n@clickbank.net,Female,33.155.151.104,Czech Republic
61,Donovan,Thrustle,dthrustle1o@blog.com,Male,215.128.26.61,Japan
62,Hewe,Collaton,hcollaton1p@tmall.com,Male,191.198.44.115,China
63,Elwira,Dodworth,edodworth1q@surveymonkey.com,Female,19.184.90.66,Greece
64,Aldin,Paskerful,apaskerful1r@purevolume.com,Male,227.26.77.15,Bulgaria
65,Harvey,Hammerberg,hhammerberg1s@oakley.com,Genderqueer,167.120.236.25,Portugal
66,Clarette,Memory,cmemory1t@yahoo.com,Female,109.174.101.12,Czech Republic
67,Maridel,Fitzmaurice,mfitzmaurice1u@360.cn,Female,79.22.132.17,Russia
68,Herschel,Vaughan-Hughes,hvaughanhughes1v@phpbb.com,Male,228.130.53.213,Russia
69,Misti,Philipsen,mphilipsen1w@pcworld.com,Female,97.15.166.50,Greece
70,Elga,Vigars,evigars1x@sfgate.com,Polygender,1.73.241.180,Russia
71,Casie,Rozea,crozea1y@yellowbook.com,Female,73.225.252.137,China
72,Land,Buessen,lbuessen1z@infoseek.co.jp,Male,68.169.231.100,Indonesia
73,Frederik,De Launde,fdelaunde20@live.com,Male,218.175.105.130,China
74,Vincent,Minifie,vminifie21@goo.gl,Male,214.171.95.242,Greece
75,Barnabe,Alcock,balcock22@cbslocal.com,Male,82.226.238.220,Indonesia
76,Adelheid,Greatex,agreatex23@t.co,Female,216.106.195.16,United States
77,Mile,Learmonth,mlearmonth24@linkedin.com,Male,227.141.8.12,Brazil
78,Simona,Tzar,stzar25@wordpress.com,Female,235.162.159.119,Serbia
79,Cammy,Letrange,cletrange26@intel.com,Male,197.21.69.171,France
80,Halley,Downham,hdownham27@aboutads.info,Female,198.26.77.64,Russia
81,Jose,Kirwin,jkirwin28@accuweather.com,Polygender,14.41.136.53,Russia
82,Johna,Simonett,jsimonett29@nih.gov,Female,63.55.27.195,France
83,Fabio,Bleakman,fbleakman2a@de.vu,Male,147.156.160.214,Indonesia
84,Dominick,Alldre,dalldre2b@cdc.gov,Bigender,143.73.217.51,Russia
85,Genevieve,Loffill,gloffill2c@over-blog.com,Female,164.193.141.35,China
86,Morey,Arundel,marundel2d@pagesperso-orange.fr,Male,254.91.74.93,Cameroon
87,Janela,Sherrett,jsherrett2e@bloglovin.com,Female,247.193.205.31,Brazil
88,Nonie,Durn,ndurn2f@pen.io,Female,255.87.142.101,China
89,Edvard,Rothschild,erothschild2g@live.com,Male,161.23.161.168,Japan
90,Averyl,Smallridge,asmallridge2h@miibeian.gov.cn,Female,185.106.7.108,Argentina
91,Michale,Chaunce,mchaunce2i@scientificamerican.com,Genderqueer,80.122.32.209,Argentina
92,Karol,Flatt,kflatt2j@miibeian.gov.cn,Female,16.200.112.31,Indonesia
93,Ravi,Bleackly,rbleackly2k@unc.edu,Male,161.4.110.9,Brazil
94,Virgie,Ellul,vellul2l@fastcompany.com,Polygender,252.251.222.193,Peru
95,Mallory,Gadie,mgadie2m@moonfruit.com,Female,242.196.207.23,Indonesia
96,Allison,Bleakley,ableakley2n@e-recht24.de,Female,91.226.217.220,Indonesia
97,Nicki,Beardsley,nbeardsley2o@furl.net,Female,28.245.250.195,Portugal
98,Theo,Narey,tnarey2p@xing.com,Male,110.224.126.98,Russia
99,Ambrose,Chawner,achawner2q@flavors.me,Male,63.0.15.72,Indonesia
100,Alisander,Duligall,aduligall2r@chronoengine.com,Male,135.7.43.41,France
101,Kahaleel,Abdon,kabdon2s@buzzfeed.com,Male,17.146.120.62,Portugal
102,Cordelie,Ilsley,cilsley2t@ifeng.com,Female,56.221.189.86,Canada
103,Marysa,Mabee,mmabee2u@cmu.edu,Female,224.39.33.199,Pakistan
104,Gayel,Loyns,gloyns2v@fotki.com,Bigender,209.237.217.18,Colombia
105,Esme,Alexsandrov,ealexsandrov2w@huffingtonpost.com,Male,36.57.44.97,Ecuador
106,Analise,Humbey,ahumbey2x@reference.com,Female,72.245.81.202,Thailand
107,Allister,Baitson,abaitson2y@yandex.ru,Male,83.160.109.232,Indonesia
108,Sissy,Preon,spreon2z@wikispaces.com,Genderfluid,107.124.241.77,Indonesia
109,Ado,Bhar,abhar30@archive.org,Male,209.11.247.168,Greece
110,Sheffy,Raikes,sraikes31@yelp.com,Male,13.179.220.64,Philippines
111,Missie,Dismore,mdismore32@edublogs.org,Genderqueer,9.110.234.51,China
112,Ruttger,Hazeldene,rhazeldene33@ucoz.com,Male,44.158.125.51,Ukraine
113,Barny,Rubinovitsch,brubinovitsch34@xinhuanet.com,Male,182.90.131.239,Indonesia
114,Marianna,Juzek,mjuzek35@ocn.ne.jp,Female,166.3.48.34,China
115,Robbi,Burbudge,rburbudge36@nyu.edu,Female,247.84.32.125,Indonesia
116,Elysha,Gerok,egerok37@yahoo.com,Female,124.160.220.68,Russia
117,Margy,Ewen,mewen38@google.cn,Female,231.175.190.100,Pakistan
118,Granthem,Kerkham,gkerkham39@prweb.com,Male,148.2.105.224,Greece
119,Yank,Hagergham,yhagergham3a@sogou.com,Male,240.86.12.136,Russia
120,Dimitry,Ezzy,dezzy3b@businessweek.com,Male,220.91.115.210,United States
121,Sheri,Papis,spapis3c@weebly.com,Female,64.48.59.229,China
122,Korney,Pieracci,kpieracci3d@sciencedaily.com,Female,98.101.62.176,Brazil
123,Lauritz,Kobel,lkobel3e@dmoz.org,Male,206.177.94.159,Russia
124,Terrye,Barclay,tbarclay3f@ask.com,Genderqueer,227.14.141.17,Peru
125,Ken,Kinloch,kkinloch3g@webmd.com,Male,11.180.236.190,China
126,Alika,Gristock,agristock3h@utexas.edu,Female,44.47.41.200,Argentina
127,Nikolai,Meachan,nmeachan3i@harvard.edu,Male,247.252.84.85,Ukraine
128,Lulita,Campa,lcampa3j@blogtalkradio.com,Female,94.208.81.167,Bolivia
129,Gan,Rowe,growe3k@ow.ly,Male,222.52.79.2,Indonesia
130,Verne,Arne,varne3l@hhs.gov,Male,161.204.82.103,Ecuador
131,Maura,Oswick,moswick3m@wired.com,Female,136.73.211.69,Indonesia
132,Rollin,Burgoin,rburgoin3n@shutterfly.com,Male,20.27.48.62,Russia
133,Ophelia,Chree,ochree3o@earthlink.net,Female,112.153.196.135,Czech Republic
134,Kitti,Regnard,kregnard3p@buzzfeed.com,Female,24.194.232.90,Albania
135,Ryley,Westberg,rwestberg3q@ucoz.com,Male,241.229.113.24,China
136,Nefen,Dounbare,ndounbare3r@ox.ac.uk,Genderqueer,207.15.138.74,Zambia
137,Analiese,Hof,ahof3s@soup.io,Female,237.111.25.0,Mongolia
138,Ely,Mazillius,emazillius3t@mapy.cz,Male,91.63.146.28,Lesotho
139,Ly,Woolager,lwoolager3u@nifty.com,Male,19.27.55.91,Indonesia
140,Dulsea,Houndesome,dhoundesome3v@g.co,Female,220.235.121.240,China
141,Thomasina,Martinho,tmartinho3w@google.com.au,Female,180.136.225.6,Uzbekistan
142,Garik,Brunelli,gbrunelli3x@seattletimes.com,Male,88.43.97.26,France
143,Poppy,Neasham,pneasham3y@quantcast.com,Female,165.48.86.13,Uzbekistan
144,Sayers,Fursse,sfursse3z@rakuten.co.jp,Male,150.135.235.135,Ecuador
145,Joshuah,Sagg,jsagg40@alibaba.com,Male,133.35.209.226,Indonesia
146,Eb,Gibling,egibling41@time.com,Male,139.202.71.109,China
147,Dottie,Pidduck,dpidduck42@google.it,Female,139.249.143.110,Russia
148,Orly,Belvard,obelvard43@ucoz.ru,Female,225.41.231.203,Peru
149,Amandie,Goring,agoring44@homestead.com,Polygender,178.193.120.70,Russia
150,Sol,Bigg,sbigg45@cam.ac.uk,Male,254.209.113.6,China
151,Arielle,Bohike,abohike46@hibu.com,Female,227.69.136.115,China
152,Araldo,Titterrell,atitterrell47@youtube.com,Male,139.238.101.27,China
153,Ange,Mirralls,amirralls48@businessweek.com,Male,146.225.238.238,Indonesia
154,Luce,Sehorsch,lsehorsch49@miibeian.gov.cn,Male,41.228.130.232,Indonesia
155,Yvonne,Robinet,yrobinet4a@topsy.com,Female,228.237.56.72,Russia
156,D'arcy,Latchmore,dlatchmore4b@phpbb.com,Male,25.246.247.200,Vietnam
157,Salmon,O'Brien,sobrien4c@shutterfly.com,Male,229.215.220.207,Czech Republic
158,Andre,Urlin,aurlin4d@squarespace.com,Male,149.211.124.90,Philippines
159,Hamid,Voas,hvoas4e@nytimes.com,Male,231.178.46.113,China
160,Sapphire,Mapholm,smapholm4f@wix.com,Female,90.89.101.248,Russia
161,Fowler,O'Mailey,fomailey4g@cpanel.net,Male,116.138.105.196,China
162,Caril,Le Frank,clefrank4h@angelfire.com,Genderqueer,169.69.122.191,Sweden
163,Pedro,Wogden,pwogden4i@tinypic.com,Male,194.82.118.61,Thailand
164,Udell,Maddinon,umaddinon4j@sourceforge.net,Bigender,90.167.163.215,Belarus
165,Trey,Duckerin,tduckerin4k@simplemachines.org,Non-binary,100.125.46.25,Honduras
166,Dominic,Detoile,ddetoile4l@xing.com,Male,213.118.154.91,Norway
167,Chicky,Brummitt,cbrummitt4m@microsoft.com,Non-binary,119.34.135.218,Australia
168,Garner,Steptow,gsteptow4n@angelfire.com,Male,39.1.128.191,Japan
169,Gwen,Oguz,goguz4o@cnet.com,Female,43.22.158.223,China
170,Hope,Dommerque,hdommerque4p@1688.com,Female,66.137.176.61,France
171,Marena,Highman,mhighman4q@meetup.com,Female,221.26.122.152,France
172,Lind,Longrigg,llongrigg4r@indiegogo.com,Female,72.152.55.135,Russia
173,Brittni,Kinastan,bkinastan4s@mac.com,Female,191.72.237.77,China
174,Sarine,Spearman,sspearman4t@globo.com,Female,232.139.227.77,Afghanistan
175,Alan,Konrad,akonrad4u@mayoclinic.com,Male,174.112.174.52,Croatia
176,Philbert,Daldan,pdaldan4v@google.de,Male,168.228.112.170,Togo
177,Jerry,Slora,jslora4w@ocn.ne.jp,Male,177.64.151.2,Indonesia
178,Briant,Kingman,bkingman4x@baidu.com,Male,58.240.226.119,China
179,Beatrisa,Dawby,bdawby4y@mayoclinic.com,Female,151.6.165.231,Colombia
180,Andy,Lotterington,alotterington4z@ed.gov,Female,60.226.3.75,Cuba
181,Merola,Doorey,mdoorey50@hubpages.com,Female,224.38.142.48,Denmark
182,Karlene,MacAvddy,kmacavddy51@imgur.com,Female,28.169.200.35,China
183,Goldina,Bembrick,gbembrick52@icq.com,Female,165.28.138.107,Brazil
184,Leonanie,Chesher,lchesher53@woothemes.com,Agender,250.78.42.225,China
185,Nate,Emilien,nemilien54@irs.gov,Male,137.144.177.21,Mexico
186,Ginelle,Witts,gwitts55@list-manage.com,Female,34.105.149.70,Serbia
187,Wallie,Orteu,worteu56@hatena.ne.jp,Female,29.96.247.126,Philippines
188,Evered,Cookson,ecookson57@tamu.edu,Male,228.7.230.215,Indonesia
189,Muffin,Tidridge,mtidridge58@baidu.com,Female,50.118.17.79,Paraguay
190,Chandra,Penke,cpenke59@behance.net,Female,103.13.147.209,Russia
191,Patience,Athow,pathow5a@wordpress.com,Female,118.61.77.184,Indonesia
192,Ailbert,Gurry,agurry5b@princeton.edu,Male,58.213.22.149,Peru
193,Georgiana,Pritchard,gpritchard5c@t-online.de,Female,28.144.84.122,China
194,Gray,Eveling,geveling5d@cdc.gov,Female,80.180.86.141,Philippines
195,Kiley,Harling,kharling5e@about.com,Male,131.8.158.113,Ukraine
196,Ainslee,Metcalfe,ametcalfe5f@nih.gov,Female,175.22.111.161,Brazil
197,Guthry,Grossier,ggrossier5g@google.com,Male,164.158.16.220,Mexico
198,Saba,Margach,smargach5h@t.co,Female,26.47.143.129,Argentina
199,Shanan,Simson,ssimson5i@house.gov,Male,154.127.107.206,Azerbaijan
200,Blair,Boland,bboland5j@wisc.edu,Male,59.135.143.180,China
201,Ronnie,Treswell,rtreswell5k@etsy.com,Male,72.99.29.175,Russia
202,Walt,Folcarelli,wfolcarelli5l@noaa.gov,Male,217.186.86.162,Mexico
203,Edouard,Bedborough,ebedborough5m@boston.com,Male,5.57.255.69,Indonesia
204,Gabriello,Olexa,golexa5n@mashable.com,Male,101.167.185.167,Brazil
205,Maure,Alliband,malliband5o@wsj.com,Female,8.132.38.72,Russia
206,Johnath,Petty,jpetty5p@blogspot.com,Female,73.254.70.4,Slovenia
207,Andrey,Tryme,atryme5q@cnbc.com,Male,202.65.153.107,Libya
208,Giselbert,Hartle,ghartle5r@blogtalkradio.com,Male,176.111.42.22,China
209,Nadine,Arpur,narpur5s@indiatimes.com,Female,233.31.21.114,Colombia
210,Tamarah,Temlett,ttemlett5t@about.com,Female,17.122.185.230,Indonesia
211,Zuzana,Pickring,zpickring5u@eepurl.com,Genderqueer,211.96.155.211,Japan
212,Cheslie,Bilfoot,cbilfoot5v@furl.net,Agender,101.159.32.174,Philippines
213,Redford,Jados,rjados5w@jugem.jp,Male,208.104.149.27,Iceland
214,Rad,Kembery,rkembery5x@cbslocal.com,Male,116.163.109.0,Nicaragua
215,Darin,Drinkel,ddrinkel5y@japanpost.jp,Male,206.135.5.14,Russia
216,Laural,Buchan,lbuchan5z@domainmarket.com,Female,1.122.74.214,Indonesia
217,Polly,MacGillivray,pmacgillivray60@ted.com,Female,131.225.153.93,China
218,Kimberly,Bach,kbach61@163.com,Female,83.180.140.136,Philippines
219,Armando,Flaxman,aflaxman62@lycos.com,Male,179.6.224.117,Indonesia
220,Lonna,Willavoys,lwillavoys63@symantec.com,Polygender,0.226.140.131,France
221,Laural,Fasham,lfasham64@cafepress.com,Female,196.242.244.146,Morocco
222,Ruthanne,Hansill,rhansill65@163.com,Female,22.144.181.190,Ireland
223,Ric,Enoksson,renoksson66@yellowpages.com,Bigender,212.243.0.151,Brazil
224,Lita,Cogdon,lcogdon67@google.com.br,Female,180.101.253.187,Canada
225,Michaelina,Addekin,maddekin68@imgur.com,Female,131.129.253.170,China
226,Erin,Fidgett,efidgett69@huffingtonpost.com,Male,60.203.214.83,United States
227,Iorgo,Conti,iconti6a@pcworld.com,Male,38.80.250.132,Philippines
228,Rosmunda,Wawer,rwawer6b@reference.com,Female,129.223.203.175,Thailand
229,Tildie,Schoenleiter,tschoenleiter6c@constantcontact.com,Female,47.105.148.139,Thailand
230,Teddie,Eates,teates6d@geocities.jp,Male,171.214.109.174,Portugal
231,Nicolais,Piotr,npiotr6e@independent.co.uk,Male,120.172.137.209,China
232,Paddy,Minchinden,pminchinden6f@livejournal.com,Male,112.61.59.14,China
233,Marijo,Gumn,mgumn6g@usatoday.com,Female,94.204.45.52,France
234,Jimmie,Bolstridge,jbolstridge6h@sogou.com,Male,224.7.234.58,China
235,Cornelius,Lush,clush6i@mashable.com,Male,161.190.1.82,South Africa
236,Barr,Lince,blince6j@utexas.edu,Male,112.221.213.109,Slovenia
237,Sharl,Quincee,squincee6k@ibm.com,Female,63.10.40.39,Russia
238,Poul,Jordison,pjordison6l@google.cn,Bigender,89.135.10.10,Russia
239,Gwenni,Gavigan,ggavigan6m@hexun.com,Female,95.164.132.186,Portugal
240,Lottie,Piet,lpiet6n@cbc.ca,Non-binary,243.165.199.122,Iran
241,Lincoln,Rudgerd,lrudgerd6o@naver.com,Male,59.155.196.199,Norway
242,Jarrad,Berggren,jberggren6p@paypal.com,Male,154.238.120.134,Uruguay
243,Arch,Mabbot,amabbot6q@booking.com,Male,227.45.247.250,Democratic Republic of the Congo
244,Perren,Blackstock,pblackstock6r@theglobeandmail.com,Male,45.155.164.164,China
245,Dorice,Coggin,dcoggin6s@wordpress.org,Female,25.218.255.151,New Caledonia
246,Heriberto,McCurtain,hmccurtain6t@state.gov,Male,34.48.154.254,Poland
247,Isidoro,Camacke,icamacke6u@si.edu,Male,93.25.143.242,Uruguay
248,Constantia,Dadge,cdadge6v@opensource.org,Female,90.50.131.19,Saudi Arabia
249,Kellina,Barock,kbarock6w@about.me,Female,131.149.216.124,Philippines
250,Arty,Breston,abreston6x@ft.com,Male,221.19.235.222,Philippines
251,Kippy,Maides,kmaides6y@over-blog.com,Female,42.56.124.59,China
252,Tobit,Kauble,tkauble6z@google.co.uk,Male,111.7.104.156,Myanmar
253,Dillon,Loghan,dloghan70@paypal.com,Male,234.192.74.233,Costa Rica
254,Kerr,Ziemsen,kziemsen71@noaa.gov,Male,251.151.163.152,Zambia
255,Gav,Player,gplayer72@myspace.com,Male,30.48.144.56,China
256,Buck,Cohr,bcohr73@diigo.com,Bigender,100.137.146.103,Portugal
257,Jabez,Plows,jplows74@simplemachines.org,Male,225.203.217.97,Philippines
258,Magda,Seater,mseater75@unc.edu,Female,17.165.146.169,Philippines
259,Patrizius,Cardnell,pcardnell76@elpais.com,Male,44.67.13.161,Japan
260,Dion,Waymont,dwaymont77@businessinsider.com,Agender,183.75.145.220,Panama
261,Eldin,Hauxley,ehauxley78@paypal.com,Male,205.228.46.156,Russia
262,Kathy,Rozenbaum,krozenbaum79@bloglines.com,Female,32.231.91.108,Japan
263,Bea,Chatain,bchatain7a@nba.com,Female,195.137.52.14,Kosovo
264,Ignaz,Jeness,ijeness7b@whitehouse.gov,Male,61.13.89.138,Philippines
265,Dexter,Hendrix,dhendrix7c@livejournal.com,Male,227.104.160.36,Portugal
266,Verena,Rigbye,vrigbye7d@jalbum.net,Female,212.239.106.187,Peru
267,Garvin,Sinnocke,gsinnocke7e@aol.com,Male,41.179.81.153,Brazil
268,Lara,Dimond,ldimond7f@sciencedaily.com,Female,26.226.149.240,Philippines
269,Marris,Outhwaite,mouthwaite7g@hugedomains.com,Female,242.216.99.37,Peru
270,Moishe,Tynewell,mtynewell7h@freewebs.com,Male,52.86.54.183,Belarus
271,Ilene,Claeskens,iclaeskens7i@wikipedia.org,Polygender,160.159.54.101,North Korea
272,Doris,Ivimey,divimey7j@sciencedirect.com,Female,213.48.0.63,Canada
273,Alissa,Tilt,atilt7k@is.gd,Female,232.24.175.83,Bolivia
274,Lethia,Murdie,lmurdie7l@imdb.com,Female,244.15.152.161,France
275,Colby,Parman,cparman7m@mozilla.com,Male,16.20.220.246,Sweden
276,Mendy,Jobbings,mjobbings7n@1und1.de,Male,28.177.132.14,Portugal
277,Devin,Murison,dmurison7o@google.com.hk,Male,162.201.230.137,Malaysia
278,Sigismondo,Toun,stoun7p@uol.com.br,Male,244.29.109.230,Afghanistan
279,Izaak,Treen,itreen7q@w3.org,Male,250.216.3.113,Portugal
280,Brittney,Matous,bmatous7r@marketwatch.com,Female,155.26.212.38,China
281,Adler,Tabary,atabary7s@webnode.com,Male,229.240.117.130,China
282,Scarlett,Veronique,sveronique7t@privacy.gov.au,Bigender,170.33.29.36,Palestinian Territory
283,Valida,Weatherhogg,vweatherhogg7u@google.co.jp,Agender,142.144.255.186,Argentina
284,Corissa,Beining,cbeining7v@sitemeter.com,Female,80.66.14.12,China
285,Stefa,Billingsly,sbillingsly7w@archive.org,Female,153.152.201.233,Thailand
286,Stavros,Sorrel,ssorrel7x@cyberchimps.com,Male,112.135.119.135,Sweden
287,Zerk,Guppey,zguppey7y@g.co,Male,31.103.187.69,Vietnam
288,Aurel,Sifflett,asifflett7z@ocn.ne.jp,Female,168.197.148.84,France
289,Jaquith,Lower,jlower80@ebay.co.uk,Female,182.35.101.247,China
290,Roddy,Umfrey,rumfrey81@discovery.com,Male,109.111.214.128,Sri Lanka
291,Kendre,Le Quesne,klequesne82@seesaa.net,Agender,233.109.30.72,United States
292,Travers,Whitechurch,twhitechurch83@tumblr.com,Male,92.56.8.18,Ukraine
293,Vera,O'Clery,voclery84@princeton.edu,Female,135.119.254.25,France
294,Vidovic,Spedroni,vspedroni85@army.mil,Male,127.96.168.196,Thailand
295,Valaree,Loges,vloges86@w3.org,Female,170.87.213.212,Malaysia
296,Sascha,Severy,ssevery87@merriam-webster.com,Female,83.175.16.198,Macedonia
297,Timothee,de Villier,tdevillier88@eventbrite.com,Male,179.56.202.205,Luxembourg
298,Lay,Swafield,lswafield89@macromedia.com,Male,91.202.12.135,Indonesia
299,Fair,Hickisson,fhickisson8a@answers.com,Genderfluid,72.15.14.137,China
300,Brendin,Karmel,bkarmel8b@dropbox.com,Male,68.132.65.205,Ecuador
301,Asa,Sor,asor8c@flickr.com,Male,98.33.24.241,Bosnia and Herzegovina
302,Harcourt,Thatcham,hthatcham8d@360.cn,Male,153.27.25.189,China
303,Morgana,Stagg,mstagg8e@edublogs.org,Female,94.57.92.36,Jordan
304,Zea,McNess,zmcness8f@hibu.com,Female,84.45.44.88,Germany
305,Harald,Duer,hduer8g@washingtonpost.com,Male,209.51.30.88,China
306,Eileen,Bootyman,ebootyman8h@addthis.com,Female,162.219.113.14,South Africa
307,Rahel,Gehring,rgehring8i@smh.com.au,Female,88.18.180.255,Vietnam
308,Sergio,Giamitti,sgiamitti8j@slate.com,Male,136.78.152.202,Indonesia
309,Davey,Waddingham,dwaddingham8k@epa.gov,Male,202.68.143.196,Russia
310,Milissent,Youens,myouens8l@umn.edu,Female,63.180.84.27,Bangladesh
311,Alane,Tolfrey,atolfrey8m@java.com,Female,164.130.208.112,China
312,Kerby,Morrissey,kmorrissey8n@symantec.com,Genderqueer,90.91.116.171,Vietnam
313,Viviene,Prangle,vprangle8o@ebay.com,Polygender,78.134.121.85,China
314,Dewie,Illsley,dillsley8p@cnet.com,Male,53.21.110.211,Colombia
315,Lotta,Faers,lfaers8q@gov.uk,Agender,24.72.166.224,Sweden
316,Dollie,Braycotton,dbraycotton8r@bluehost.com,Female,92.85.49.143,Vietnam
317,Mortimer,Esseby,messeby8s@gizmodo.com,Male,16.44.26.115,Indonesia
318,Darleen,Dybald,ddybald8t@smh.com.au,Female,188.155.223.73,South Africa
319,Ellissa,Olivey,eolivey8u@arstechnica.com,Female,212.225.223.180,Indonesia
320,Edgardo,MacPike,emacpike8v@umich.edu,Male,42.247.201.211,China
321,Kent,Jepensen,kjepensen8w@constantcontact.com,Male,176.251.173.28,Russia
322,Aileen,Gwillim,agwillim8x@xing.com,Female,140.189.132.140,Philippines
323,Branden,Gorrick,bgorrick8y@chron.com,Male,30.239.22.28,Kuwait
324,Felike,Castagnet,fcastagnet8z@google.de,Male,199.149.68.181,South Africa
325,Dredi,Moubray,dmoubray90@mac.com,Female,220.234.242.198,China
326,Standford,Shimoni,sshimoni91@un.org,Male,157.243.105.182,China
327,Cicily,Hartrick,chartrick92@purevolume.com,Female,84.11.114.82,China
328,Margarete,Grundell,mgrundell93@biglobe.ne.jp,Female,129.32.188.40,China
329,Wynn,Antonich,wantonich94@4shared.com,Male,73.242.107.245,China
330,Harriott,Wawer,hwawer95@issuu.com,Female,186.245.141.21,Ukraine
331,Rogerio,Tatters,rtatters96@nhs.uk,Male,209.167.217.34,China
332,Thorn,Knowling,tknowling97@nydailynews.com,Male,82.59.86.149,Indonesia
333,Maryanne,Warwicker,mwarwicker98@dropbox.com,Female,206.36.231.111,Philippines
334,El,Wallas,ewallas99@dyndns.org,Male,44.10.249.232,Egypt
335,Laurens,Iacomini,liacomini9a@sfgate.com,Genderfluid,177.155.70.72,Portugal
336,Nickolas,Dosdale,ndosdale9b@ameblo.jp,Male,155.249.93.7,Mexico
337,Ker,Batsford,kbatsford9c@wordpress.com,Male,35.40.14.219,Philippines
338,Addy,Havenhand,ahavenhand9d@illinois.edu,Male,30.227.0.88,Armenia
339,Darbee,Sharrier,dsharrier9e@archive.org,Male,247.70.114.158,China
340,Gordy,Moulsdall,gmoulsdall9f@ehow.com,Male,183.135.200.247,China
341,Fraser,Kyne,fkyne9g@disqus.com,Male,227.165.59.35,Paraguay
342,Aubine,Smithers,asmithers9h@google.com.br,Non-binary,186.205.69.1,China
343,Chaddy,Shelly,cshelly9i@eventbrite.com,Male,204.59.134.244,Macedonia
344,Worth,Bute,wbute9j@goo.gl,Male,135.110.202.42,Cuba
345,Haleigh,Taw,htaw9k@unesco.org,Agender,15.111.81.80,Belarus
346,Chad,Crasswell,ccrasswell9l@weibo.com,Female,152.48.171.223,Sweden
347,Arturo,Sharman,asharman9m@blog.com,Non-binary,232.91.236.212,China
348,Tiphany,Burchard,tburchard9n@php.net,Bigender,221.138.122.215,Peru
349,Gian,Dullingham,gdullingham9o@angelfire.com,Male,218.177.203.153,Jordan
350,Remy,Knutton,rknutton9p@dailymail.co.uk,Female,130.64.43.143,Indonesia
351,Una,Scotchbrook,uscotchbrook9q@nih.gov,Female,151.58.195.242,China
352,Adara,de Savery,adesavery9r@bloomberg.com,Female,149.222.226.195,China
353,Rae,Eliaz,reliaz9s@wikia.com,Bigender,37.50.127.109,Brazil
354,Meaghan,Wellsman,mwellsman9t@vkontakte.ru,Female,64.120.12.174,Philippines
355,Darn,Harvison,dharvison9u@marketwatch.com,Male,4.166.82.2,China
356,See,Hache,shache9v@ucoz.ru,Male,44.10.187.105,Costa Rica
357,Fidela,Zaczek,fzaczek9w@ifeng.com,Female,195.56.211.67,Indonesia
358,Kerry,Oldfield,koldfield9x@purevolume.com,Female,73.239.111.212,China
359,Morgun,Philippe,mphilippe9y@uol.com.br,Male,176.208.66.2,China
360,Rodina,Glassford,rglassford9z@cnbc.com,Female,158.10.69.170,Bangladesh
361,Wayne,Basley,wbasleya0@mozilla.org,Male,79.202.141.185,Japan
362,Matteo,Wescott,mwescotta1@lulu.com,Male,44.227.43.4,United States
363,Arline,Falconer,afalconera2@yandex.ru,Female,225.186.179.19,Sweden
364,Julita,Nuccitelli,jnuccitellia3@etsy.com,Female,15.104.63.205,Indonesia
365,Marnia,Dye,mdyea4@upenn.edu,Female,107.213.199.185,Japan
366,Wat,Plumptre,wplumptrea5@salon.com,Genderfluid,68.234.101.43,South Africa
367,Remy,Skeech,rskeecha6@dailymotion.com,Female,42.0.199.62,Norway
368,Fania,Poncet,fponceta7@cbslocal.com,Female,42.107.107.48,Libya
369,Marmaduke,Bradforth,mbradfortha8@imgur.com,Male,8.250.122.130,Chad
370,Silvanus,Druce,sdrucea9@dell.com,Male,11.92.239.54,Uzbekistan
371,Rowen,McAnulty,rmcanultyaa@utexas.edu,Male,161.104.130.20,Philippines
372,Lizbeth,Lewson,llewsonab@aboutads.info,Female,109.80.138.166,United States
373,Osmond,Galland,ogallandac@nationalgeographic.com,Agender,118.103.225.3,Russia
374,Lucas,Mapother,lmapotherad@shutterfly.com,Male,186.226.49.20,China
375,Cammy,Gert,cgertae@google.com,Female,25.56.191.255,Philippines
376,Querida,Breadmore,qbreadmoreaf@biglobe.ne.jp,Female,44.52.10.115,Tajikistan
377,Conrad,Hegg,cheggag@loc.gov,Male,249.97.58.153,Iran
378,Demetra,Chappelle,dchappelleah@elpais.com,Female,72.167.149.176,Philippines
379,Solomon,Ferretti,sferrettiai@umn.edu,Genderfluid,158.97.119.49,Canada
380,Red,Vasilenko,rvasilenkoaj@google.com.hk,Male,73.135.12.147,Indonesia
381,Hollyanne,Colum,hcolumak@printfriendly.com,Female,187.41.20.161,Sweden
382,Misty,Tarling,mtarlingal@gmpg.org,Female,97.32.163.125,Ukraine
383,Ferdinande,Preuvost,fpreuvostam@oaic.gov.au,Female,121.237.218.22,Philippines
384,Nani,Branchet,nbranchetan@oaic.gov.au,Female,199.65.75.234,Russia
385,Wanids,Deveraux,wdeverauxao@bizjournals.com,Female,49.208.83.242,Russia
386,Maryann,Lampart,mlampartap@gmpg.org,Female,144.13.48.209,France
387,Gib,Norrey,gnorreyaq@dagondesign.com,Male,67.221.141.177,Netherlands
388,Winifred,Keeping,wkeepingar@uiuc.edu,Female,182.40.172.210,Indonesia
389,Laverne,Celand,lcelandas@devhub.com,Female,160.175.206.40,Nicaragua
390,Vale,Maving,vmavingat@cloudflare.com,Male,12.21.20.119,Czech Republic
391,Etty,Pobjay,epobjayau@telegraph.co.uk,Non-binary,143.32.250.92,Indonesia
392,Artair,Barreau,abarreauav@timesonline.co.uk,Male,170.93.103.255,Indonesia
393,Keelia,Billes,kbillesaw@ebay.com,Female,129.88.212.153,Indonesia
394,Latrena,McVanamy,lmcvanamyax@printfriendly.com,Bigender,2.84.82.119,Russia
395,Carlos,Janssens,cjanssensay@yellowbook.com,Male,230.199.190.218,Argentina
396,Skipp,Coombes,scoombesaz@so-net.ne.jp,Male,100.121.230.152,Japan
397,Penni,Couth,pcouthb0@desdev.cn,Female,57.157.98.71,France
398,Terrance,Lavery,tlaveryb1@redcross.org,Male,85.83.115.23,Portugal
399,Roselin,Jorger,rjorgerb2@ucla.edu,Female,118.36.105.179,Brazil
400,Brigitte,Spriddle,bspriddleb3@theatlantic.com,Female,154.4.220.194,Indonesia
401,Randolf,Oulett,roulettb4@qq.com,Bigender,207.138.79.145,Russia
402,Damiano,Conor,dconorb5@booking.com,Male,109.240.183.164,Sweden
403,Kyla,Ebbens,kebbensb6@narod.ru,Bigender,35.236.150.54,China
404,Verile,Hayford,vhayfordb7@zimbio.com,Agender,109.162.161.7,China
405,Rosabelle,Perview,rperviewb8@dot.gov,Female,175.69.155.87,Indonesia
406,Beatrix,Dredge,bdredgeb9@arstechnica.com,Female,23.217.111.166,Indonesia
407,Lilian,Kornes,lkornesba@pcworld.com,Female,101.91.236.126,Zimbabwe
408,Ahmad,Kearley,akearleybb@imgur.com,Male,38.72.40.105,Brazil
409,Brendon,Beagin,bbeaginbc@twitter.com,Bigender,5.62.115.177,South Korea
410,Moira,Ruste,mrustebd@dmoz.org,Female,154.249.81.5,Poland
411,Dael,Lowles,dlowlesbe@loc.gov,Female,189.114.105.205,Burkina Faso
412,Tiffanie,Campanelli,tcampanellibf@smugmug.com,Female,31.203.210.240,Belarus
413,Timmy,Latan,tlatanbg@last.fm,Male,32.55.116.10,Russia
414,Cordelie,Vannucci,cvannuccibh@eepurl.com,Female,253.225.110.61,Croatia
415,Tracey,Baudi,tbaudibi@hubpages.com,Genderfluid,9.127.152.144,Philippines
416,Olly,O'Doghesty,oodoghestybj@tinyurl.com,Male,229.67.227.21,French Polynesia
417,Hetty,Treske,htreskebk@omniture.com,Genderqueer,194.170.151.177,Indonesia
418,Pamella,Entres,pentresbl@tinyurl.com,Female,156.167.219.239,Nigeria
419,Osborn,Neate,oneatebm@whitehouse.gov,Non-binary,139.219.15.210,China
420,Chrissy,Brumhead,cbrumheadbn@blog.com,Male,48.35.127.72,Argentina
421,Jonah,Sugar,jsugarbo@cnbc.com,Polygender,224.58.216.114,Pakistan
422,Ilaire,Burley,iburleybp@flickr.com,Male,155.195.212.101,French Guiana
423,Seth,Rhoades,srhoadesbq@answers.com,Male,122.60.212.246,China
424,Bernardine,Guiduzzi,bguiduzzibr@cpanel.net,Female,109.100.196.70,Portugal
425,Katie,Meek,kmeekbs@salon.com,Female,70.115.211.254,Jordan
426,Clarice,Pfaffe,cpfaffebt@taobao.com,Genderfluid,204.191.59.195,China
427,Mahmud,Kesey,mkeseybu@cisco.com,Male,174.163.99.177,Brazil
428,Didi,Stivani,dstivanibv@shareasale.com,Female,157.173.159.140,China
429,Jozef,Kilkenny,jkilkennybw@cdbaby.com,Male,19.48.0.66,China
430,Berne,Tilney,btilneybx@goo.ne.jp,Genderqueer,106.56.242.36,Indonesia
431,Del,Ferenc,dferencby@chronoengine.com,Male,96.69.106.67,China
432,Tommie,Farrent,tfarrentbz@army.mil,Female,4.17.79.229,Portugal
433,Pepe,Weavers,pweaversc0@miibeian.gov.cn,Male,45.2.100.83,Indonesia
434,Jamill,Formigli,jformiglic1@illinois.edu,Male,73.6.66.185,China
435,Conway,Caff,ccaffc2@xing.com,Male,149.238.32.212,China
436,Lazar,Massey,lmasseyc3@youku.com,Male,82.18.65.138,Belarus
437,Marice,Bellany,mbellanyc4@studiopress.com,Female,206.165.151.142,China
438,Teriann,Leverington,tleveringtonc5@bloglovin.com,Female,61.212.182.9,China
439,Lark,Smithson,lsmithsonc6@ezinearticles.com,Female,141.176.3.85,Russia
440,Franny,Eldred,feldredc7@nbcnews.com,Male,130.56.237.63,Honduras
441,Dougie,Camellini,dcamellinic8@mlb.com,Male,123.209.12.66,China
442,Billy,Fawlks,bfawlksc9@pen.io,Male,17.118.93.138,Philippines
443,Jacinthe,Haysman,jhaysmanca@timesonline.co.uk,Female,105.219.46.54,Mexico
444,Renado,Bassham,rbasshamcb@studiopress.com,Male,194.1.180.245,China
445,Patricia,Hansell,phansellcc@symantec.com,Female,51.189.224.138,Philippines
446,Lucretia,Caser,lcasercd@jugem.jp,Female,28.214.100.143,Portugal
447,Finn,Palliser,fpalliserce@kickstarter.com,Male,22.61.118.4,Macedonia
448,Farrell,Qusklay,fqusklaycf@amazon.co.uk,Male,78.192.115.107,Brazil
449,Dietrich,Casino,dcasinocg@netscape.com,Male,79.164.140.12,China
450,Zacharie,McIlwraith,zmcilwraithch@blinklist.com,Male,139.205.92.227,China
451,Hildagarde,Dominetti,hdominettici@aol.com,Female,31.86.236.160,Indonesia
452,Horatius,Redwin,hredwincj@illinois.edu,Male,161.77.111.52,Yemen
453,Elbert,Plumb,eplumbck@wisc.edu,Male,175.193.79.201,Philippines
454,Scarface,Broom,sbroomcl@time.com,Male,175.125.241.144,Poland
455,Shaine,Onele,sonelecm@google.ru,Male,38.36.38.69,China
456,Lindsey,Kitchingman,lkitchingmancn@163.com,Male,179.245.77.204,Brazil
457,Lanna,Houseago,lhouseagoco@dell.com,Female,230.89.36.125,Indonesia
458,Corny,Deignan,cdeignancp@is.gd,Female,112.22.215.24,Sweden
459,Roley,Maciejak,rmaciejakcq@weibo.com,Male,22.250.153.145,Poland
460,Leonore,Elington,lelingtoncr@cnbc.com,Female,86.64.76.109,Colombia
461,Olag,Gumb,ogumbcs@mlb.com,Male,0.73.3.5,Russia
462,Melvyn,Oley,moleyct@dropbox.com,Male,208.86.233.78,Philippines
463,Sandie,Delacour,sdelacourcu@amazonaws.com,Female,6.107.244.214,China
464,Carolann,Badgers,cbadgerscv@csmonitor.com,Female,224.100.176.223,Brazil
465,Franny,Crier,fcriercw@oakley.com,Female,230.4.85.1,Portugal
466,Herminia,Menham,hmenhamcx@ox.ac.uk,Genderqueer,21.18.200.211,United States
467,Yvor,Jaxon,yjaxoncy@house.gov,Male,183.209.167.184,Brazil
468,Ermengarde,Hannaby,ehannabycz@statcounter.com,Female,172.111.17.139,Mexico
469,Janeva,Reardon,jreardond0@mashable.com,Female,110.228.19.9,Luxembourg
470,Daisy,Dargavel,ddargaveld1@mayoclinic.com,Female,88.77.39.175,China
471,Zachery,Darlison,zdarlisond2@ning.com,Male,59.93.179.29,China
472,Faina,Braxton,fbraxtond3@thetimes.co.uk,Female,189.132.143.106,Czech Republic
473,Hank,Duesbury,hduesburyd4@gravatar.com,Male,220.80.210.253,Pakistan
474,Hazel,Fines,hfinesd5@spotify.com,Female,213.217.204.74,Colombia
475,Bebe,Birtonshaw,bbirtonshawd6@hao123.com,Female,97.170.26.31,Philippines
476,Kristen,McCaffery,kmccafferyd7@google.co.jp,Female,211.88.156.79,Netherlands
477,Jodee,Masseo,jmasseod8@sogou.com,Female,212.72.184.118,China
478,Melloney,Shinfield,mshinfieldd9@uiuc.edu,Female,195.171.225.178,Cameroon
479,Jarib,Thornham,jthornhamda@princeton.edu,Male,77.129.149.143,Ukraine
480,Mireielle,McFade,mmcfadedb@yandex.ru,Female,192.39.32.57,Northern Mariana Islands
481,Arvin,Paschek,apaschekdc@umn.edu,Male,161.238.182.90,Latvia
482,Benyamin,Barhem,bbarhemdd@cpanel.net,Male,64.191.166.18,United States
483,Janella,Thulborn,jthulbornde@privacy.gov.au,Female,55.100.106.220,Philippines
484,Percy,Argo,pargodf@army.mil,Male,204.179.226.95,Russia
485,Norene,Crump,ncrumpdg@unc.edu,Female,210.230.61.89,Armenia
486,Pall,De Gregario,pdegregariodh@alibaba.com,Male,129.226.40.110,China
487,August,Checo,achecodi@hibu.com,Male,92.59.19.31,Czech Republic
488,Ebenezer,Longo,elongodj@nymag.com,Bigender,208.127.181.226,Palestinian Territory
489,Brody,People,bpeopledk@who.int,Male,178.91.90.116,Brazil
490,Rafaelia,Vesty,rvestydl@cnbc.com,Bigender,0.198.219.30,Afghanistan
491,Nanine,Revitt,nrevittdm@prnewswire.com,Female,191.215.103.211,Argentina
492,Shir,Sutherland,ssutherlanddn@flavors.me,Female,22.189.212.23,France
493,Ferris,Booeln,fbooelndo@baidu.com,Male,232.114.28.170,Uruguay
494,Ailina,Nickoll,anickolldp@narod.ru,Female,227.141.181.243,Spain
495,Walt,Niave,wniavedq@dell.com,Male,154.195.247.46,China
496,Reagan,Abram,rabramdr@dmoz.org,Male,216.194.78.61,Montenegro
497,Tann,Farrans,tfarransds@amazon.co.jp,Male,123.227.86.71,France
498,Harlene,Bresnen,hbresnendt@goo.ne.jp,Female,201.191.5.116,Philippines
499,Matteo,Heeley,mheeleydu@exblog.jp,Male,177.107.202.142,Poland
500,Piotr,Belch,pbelchdv@tiny.cc,Male,145.129.112.216,China
501,Gus,Howden,ghowdendw@uiuc.edu,Male,224.166.157.239,Philippines
502,Tybalt,Lamden,tlamdendx@who.int,Male,128.17.189.108,Tanzania
503,Timoteo,Chattell,tchattelldy@dell.com,Male,149.129.152.204,Argentina
504,Jasmina,Shier,jshierdz@intel.com,Female,219.38.243.42,Indonesia
505,Gabbi,Jelks,gjelkse0@cdbaby.com,Female,249.79.111.101,China
506,Kalindi,Broke,kbrokee1@smh.com.au,Female,88.87.89.86,Afghanistan
507,Glynis,Bruce,gbrucee2@wiley.com,Female,107.221.151.37,Brazil
508,Joseph,Ginty,jgintye3@virginia.edu,Male,243.156.215.124,Czech Republic
509,Rustin,Thom,rthome4@columbia.edu,Male,222.137.205.139,Brazil
510,Warde,Havelin,whaveline5@drupal.org,Male,207.112.229.14,United States
511,Ruby,Stanbrooke,rstanbrookee6@smugmug.com,Genderqueer,54.150.134.54,Vietnam
512,Augie,Crinson,acrinsone7@theguardian.com,Male,92.33.81.160,Indonesia
513,Lucius,Maestrini,lmaestrinie8@freewebs.com,Male,192.182.1.145,South Korea
514,Burty,Cragg,bcragge9@prweb.com,Male,221.28.169.76,France
515,Fabian,Gerb,fgerbea@wikimedia.org,Male,151.186.248.107,France
516,Berkeley,Domenc,bdomenceb@kickstarter.com,Male,86.185.7.185,China
517,Gigi,Town,gtownec@uiuc.edu,Female,254.242.140.216,Ukraine
518,Idalia,Fowden,ifowdened@craigslist.org,Female,174.45.34.30,Mali
519,Silvio,Desseine,sdesseineee@ca.gov,Male,51.222.80.46,Philippines
520,Tanner,Theuff,ttheuffef@newyorker.com,Male,202.49.104.145,Indonesia
521,Darrick,Dieton,ddietoneg@msn.com,Male,95.215.132.165,Brazil
522,Sloan,Merali,smeralieh@comsenz.com,Male,128.29.244.108,Brazil
523,Alexis,Herrero,aherreroei@engadget.com,Female,79.186.252.20,Greece
524,Alaster,Clother,aclotherej@yelp.com,Male,255.30.205.56,Indonesia
525,Manya,Springer,mspringerek@meetup.com,Female,201.165.112.106,Norway
526,Hedvige,Doble,hdobleel@gov.uk,Female,99.151.136.136,China
527,Norry,Antonellini,nantonelliniem@disqus.com,Female,196.51.249.188,Sweden
528,Jonathan,Sterling,jsterlingen@addtoany.com,Male,53.111.16.247,Honduras
529,Adele,Papachristophorou,apapachristophoroueo@over-blog.com,Female,32.211.8.183,Croatia
530,Willie,D'Adda,wdaddaep@flavors.me,Female,110.29.55.223,Sweden
531,Bernelle,Hedan,bhedaneq@drupal.org,Female,97.187.130.253,France
532,Flora,Swatheridge,fswatheridgeer@usnews.com,Female,19.59.137.194,Portugal
533,Aveline,MacDunleavy,amacdunleavyes@merriam-webster.com,Female,64.158.108.86,Micronesia
534,Leeanne,Rowatt,lrowattet@utexas.edu,Female,217.214.34.0,Brazil
535,Linoel,Pea,lpeaeu@arstechnica.com,Male,50.5.233.143,United States
536,Hermon,Dumberell,hdumberellev@wikia.com,Male,209.174.209.90,Greece
537,Cornelle,Rossbrooke,crossbrookeew@amazon.co.uk,Female,224.129.121.81,Dominican Republic
538,Neille,Brahms,nbrahmsex@sina.com.cn,Genderfluid,247.159.52.194,Reunion
539,Jania,Clayton,jclaytoney@umich.edu,Polygender,210.226.232.82,Indonesia
540,Carline,Jearum,cjearumez@stanford.edu,Female,192.178.208.249,Morocco
541,Tarra,Gealle,tgeallef0@house.gov,Female,165.109.205.245,Argentina
542,Bartholomeus,Izchaki,bizchakif1@wired.com,Male,134.57.212.140,Portugal
543,Cecilio,Salman,csalmanf2@youtube.com,Male,37.19.189.101,China
544,Ezmeralda,Coakley,ecoakleyf3@virginia.edu,Female,208.133.176.41,Philippines
545,Andy,Huitson,ahuitsonf4@linkedin.com,Male,101.55.139.166,Indonesia
546,Winnah,McKeon,wmckeonf5@cnet.com,Female,228.112.232.152,Thailand
547,Kingsly,O'Caine,kocainef6@pagesperso-orange.fr,Male,39.148.167.169,Philippines
548,Gothart,Pedel,gpedelf7@cloudflare.com,Male,35.67.89.63,Ivory Coast
549,Peta,L'Episcopi,plepiscopif8@samsung.com,Female,120.125.16.110,Indonesia
550,Hillard,Buzzing,hbuzzingf9@bandcamp.com,Male,178.57.43.254,Mexico
551,Moise,Pharoah,mpharoahfa@spiegel.de,Male,175.111.80.14,Russia
552,Stephani,Sewards,ssewardsfb@businesswire.com,Female,101.220.248.189,Portugal
553,Kassi,McCoy,kmccoyfc@tinypic.com,Female,121.109.133.183,China
554,Kurtis,Horlick,khorlickfd@umich.edu,Male,205.43.84.184,Lesotho
555,Wini,Cartledge,wcartledgefe@qq.com,Female,221.97.24.216,Mauritius
556,Alfons,Asser,aasserff@mail.ru,Male,138.230.153.135,France
557,Bradley,Teeney,bteeneyfg@surveymonkey.com,Male,77.199.30.190,Philippines
558,Phillis,Folk,pfolkfh@ning.com,Female,62.226.150.248,Brazil
559,Maribeth,Donett,mdonettfi@simplemachines.org,Female,196.63.65.27,China
560,Pace,Glendinning,pglendinningfj@chronoengine.com,Male,38.194.26.110,Sweden
561,Hall,Mundford,hmundfordfk@examiner.com,Bigender,4.150.199.115,Guatemala
562,Rubetta,Outerbridge,routerbridgefl@nifty.com,Female,150.84.220.22,China
563,Monro,Lockart,mlockartfm@issuu.com,Male,218.240.152.187,China
564,Liam,Mogenot,lmogenotfn@economist.com,Genderqueer,210.47.106.93,Peru
565,Melonie,Pecht,mpechtfo@godaddy.com,Female,143.51.22.229,Ecuador
566,Bernardo,Hiley,bhileyfp@oakley.com,Male,96.202.74.255,China
567,Lowe,McKibbin,lmckibbinfq@dmoz.org,Male,84.52.234.76,Mexico
568,Flo,Addeycott,faddeycottfr@pbs.org,Bigender,165.39.88.21,North Korea
569,Gerik,Richardon,grichardonfs@auda.org.au,Male,22.114.228.192,Indonesia
570,Ula,Kingston,ukingstonft@tinyurl.com,Female,145.226.183.128,Pakistan
571,Davy,Filyashin,dfilyashinfu@ask.com,Male,66.132.251.191,Russia
572,Marrissa,Canfer,mcanferfv@sourceforge.net,Female,110.160.237.123,United States
573,Corey,Knock,cknockfw@si.edu,Female,200.217.70.147,China
574,Conny,Pundy,cpundyfx@wp.com,Female,51.118.116.142,Malawi
575,Sherri,Papa,spapafy@tumblr.com,Female,101.18.190.41,Russia
576,Rouvin,Stampe,rstampefz@hp.com,Male,233.101.157.237,Pakistan
577,Rafael,Phillcock,rphillcockg0@bbb.org,Male,189.38.147.37,Japan
578,Gaynor,Rigby,grigbyg1@unblog.fr,Genderqueer,181.46.15.255,Greece
579,Jerad,Gibb,jgibbg2@sciencedirect.com,Non-binary,189.3.150.174,Russia
580,Josephine,Lamprecht,jlamprechtg3@paypal.com,Female,173.53.177.251,Russia
581,Kippy,Colquit,kcolquitg4@about.me,Male,56.205.121.160,Canada
582,Chucho,Trumble,ctrumbleg5@spotify.com,Male,68.54.5.85,China
583,Anita,Downing,adowningg6@posterous.com,Female,199.205.98.220,China
584,Bayard,Weekly,bweeklyg7@zimbio.com,Agender,220.151.158.142,China
585,Chelsy,Thorpe,cthorpeg8@naver.com,Female,69.130.127.94,Russia
586,Linnie,Blackall,lblackallg9@nifty.com,Female,68.150.139.237,China
587,Kelci,Bentall,kbentallga@biblegateway.com,Female,165.242.140.113,Palestinian Territory
588,Corabelle,Culpan,cculpangb@quantcast.com,Genderfluid,79.251.109.253,Poland
589,Waylan,Rymell,wrymellgc@slate.com,Male,19.60.81.100,China
590,Niki,Pawlik,npawlikgd@soundcloud.com,Male,230.52.195.209,Armenia
591,Helaine,Haliday,hhalidayge@mapquest.com,Female,145.223.17.69,Belarus
592,Antonino,Rudiger,arudigergf@booking.com,Male,211.192.77.73,Laos
593,Fina,Ellin,fellingg@theguardian.com,Female,13.95.66.50,Norway
594,Bernadine,Radeliffe,bradeliffegh@webeden.co.uk,Female,102.237.155.115,Vietnam
595,Carine,Gregorowicz,cgregorowiczgi@nih.gov,Agender,16.94.136.76,Dominica
596,Carmen,Asals,casalsgj@ftc.gov,Female,50.143.202.104,Mexico
597,Lari,Oley,loleygk@washington.edu,Genderqueer,250.28.56.56,United States
598,Angelika,Fruin,afruingl@meetup.com,Female,208.195.203.248,China
599,Tye,Ceaser,tceasergm@rakuten.co.jp,Genderqueer,255.197.126.165,China
600,Christina,Keith,ckeithgn@ted.com,Female,109.67.151.4,China
601,Kessiah,Village,kvillagego@cpanel.net,Female,36.66.36.84,Philippines
602,Karolina,Stepney,kstepneygp@is.gd,Female,71.168.159.94,China
603,Sigismondo,Reihm,sreihmgq@163.com,Male,220.44.15.117,China
604,Hildagard,Schurig,hschuriggr@example.com,Female,58.215.168.99,China
605,Danya,Dursley,ddursleygs@theglobeandmail.com,Male,30.255.152.221,Vietnam
606,Christie,Ratazzi,cratazzigt@dagondesign.com,Female,141.228.57.243,China
607,Shelby,Matokhnin,smatokhningu@cisco.com,Male,155.254.183.19,Sweden
608,Jule,Berwick,jberwickgv@comsenz.com,Male,191.167.77.68,Russia
609,Cordie,Shirtliff,cshirtliffgw@yelp.com,Female,223.196.111.91,Canada
610,Sky,Bowkett,sbowkettgx@epa.gov,Male,82.90.158.41,Cameroon
611,Hartley,Pepon,hpepongy@examiner.com,Male,201.159.40.97,Brazil
612,Shannah,De Hailes,sdehailesgz@globo.com,Female,255.120.127.104,Ireland
613,Michelina,Wison,mwisonh0@army.mil,Female,108.44.231.32,Brazil
614,Barn,Simmens,bsimmensh1@tinyurl.com,Male,215.52.206.55,China
615,Whit,Ebdon,webdonh2@xinhuanet.com,Male,4.114.56.22,Serbia
616,Nike,Gohn,ngohnh3@cmu.edu,Female,248.136.8.122,Ukraine
617,Roz,Tuting,rtutingh4@printfriendly.com,Female,107.149.175.142,Philippines
618,Keslie,Sedcole,ksedcoleh5@ted.com,Female,224.52.123.161,Indonesia
619,Hedi,Outright,houtrighth6@wisc.edu,Female,141.63.127.44,Serbia
620,Brigham,Wakenshaw,bwakenshawh7@blogspot.com,Agender,29.88.198.67,China
621,Ahmad,McAdam,amcadamh8@bloglovin.com,Male,11.42.174.33,Poland
622,Chaddy,Tampling,ctamplingh9@cargocollective.com,Male,144.244.43.143,Russia
623,Daryn,Gostyke,dgostykeha@weebly.com,Female,124.92.252.43,Chile
624,Caren,Guerrero,cguerrerohb@gov.uk,Female,144.2.117.156,China
625,Eric,Slowgrove,eslowgrovehc@amazon.de,Male,248.135.75.125,Greece
626,Worthy,Speariett,wspearietthd@fda.gov,Male,40.254.88.152,China
627,Russ,Wainscot,rwainscothe@virginia.edu,Male,8.140.125.71,China
628,Mignon,Klemencic,mklemencichf@upenn.edu,Female,230.28.100.164,Yemen
629,Lydon,Aspinal,laspinalhg@java.com,Male,56.164.119.92,Bosnia and Herzegovina
630,Erskine,Kinlock,ekinlockhh@craigslist.org,Male,9.121.249.151,Hungary
631,Cori,Matys,cmatyshi@odnoklassniki.ru,Female,177.60.247.176,Portugal
632,Riley,Cottie,rcottiehj@vkontakte.ru,Male,238.30.108.22,Philippines
633,Cati,McKea,cmckeahk@oaic.gov.au,Female,59.126.77.229,Indonesia
634,Vaclav,Sarney,vsarneyhl@nytimes.com,Male,79.125.7.89,Russia
635,Vicky,Stredwick,vstredwickhm@blogtalkradio.com,Genderfluid,25.137.112.240,Indonesia
636,Anni,Birkin,abirkinhn@t-online.de,Female,180.232.117.80,Indonesia
637,Hinda,Hatherley,hhatherleyho@hubpages.com,Female,217.58.172.177,Israel
638,Juliet,Osgorby,josgorbyhp@cyberchimps.com,Female,9.64.150.30,Sweden
639,Friederike,Screwton,fscrewtonhq@deviantart.com,Female,169.178.140.93,Portugal
640,Abbott,Sommerlie,asommerliehr@nps.gov,Male,131.138.233.156,China
641,Ebenezer,Lorey,eloreyhs@sina.com.cn,Male,127.47.39.45,Philippines
642,Em,Barkas,ebarkasht@360.cn,Male,6.139.71.18,Botswana
643,Orv,Kemwall,okemwallhu@ftc.gov,Male,189.191.186.206,Colombia
644,Chrotoem,Zamorano,czamoranohv@youtube.com,Male,58.32.168.240,Kenya
645,Kelsey,Mattessen,kmattessenhw@fotki.com,Female,111.177.11.129,China
646,Andrea,Petel,apetelhx@discuz.net,Male,8.107.64.173,Ukraine
647,Pietra,Gabbitis,pgabbitishy@google.co.jp,Genderqueer,126.198.152.27,Indonesia
648,Jere,Ashdown,jashdownhz@blog.com,Female,73.102.208.207,Mexico
649,Brannon,Gresswell,bgresswelli0@dropbox.com,Male,182.116.168.26,Sweden
650,Clerc,Paddingdon,cpaddingdoni1@artisteer.com,Male,118.190.103.228,France
651,Noellyn,Hancock,nhancocki2@npr.org,Female,29.185.227.77,France
652,Wallas,Lamlin,wlamlini3@vinaora.com,Male,11.172.31.201,Indonesia
653,Jameson,Deshorts,jdeshortsi4@dmoz.org,Male,1.16.3.162,Nigeria
654,Hernando,Flitcroft,hflitcrofti5@newsvine.com,Male,132.18.27.44,Mexico
655,Angel,Russan,arussani6@flickr.com,Male,153.15.59.134,Latvia
656,Erroll,Duckitt,educkitti7@latimes.com,Male,29.90.143.88,Philippines
657,Merola,Askham,maskhami8@dagondesign.com,Agender,140.139.62.216,Finland
658,Waneta,Staves,wstavesi9@vistaprint.com,Female,15.144.144.186,Ukraine
659,Anastasia,Edworthy,aedworthyia@mlb.com,Female,210.165.21.228,Colombia
660,Brianne,Bafford,bbaffordib@slashdot.org,Female,87.162.56.249,Cuba
661,Lil,Doonican,ldoonicanic@yellowpages.com,Female,206.80.242.111,Slovenia
662,Edita,Klossmann,eklossmannid@slideshare.net,Female,235.225.123.160,United States
663,Nero,Heed,nheedie@last.fm,Male,94.16.155.172,Oman
664,Ingelbert,Truitt,itruittif@independent.co.uk,Male,252.193.250.74,China
665,Morgana,Lacelett,mlacelettig@360.cn,Female,7.125.64.33,Armenia
666,Shellie,McMeeking,smcmeekingih@themeforest.net,Female,10.163.158.179,Bulgaria
667,Brod,Vater,bvaterii@upenn.edu,Male,82.153.2.12,China
668,Jonah,Stivani,jstivaniij@jiathis.com,Male,71.56.56.100,Indonesia
669,Teodora,Thring,tthringik@psu.edu,Female,252.207.30.57,Brazil
670,Fabe,Hein,fheinil@paginegialle.it,Male,50.214.36.102,Norway
671,Jorrie,Broxholme,jbroxholmeim@tripod.com,Female,59.27.96.107,Poland
672,Dacia,Darko,ddarkoin@barnesandnoble.com,Female,26.87.62.55,Jordan
673,Darrelle,Woolveridge,dwoolveridgeio@discuz.net,Female,84.219.78.11,China
674,Catriona,Merrin,cmerrinip@paypal.com,Female,31.146.222.254,Bulgaria
675,Benedetto,Matterson,bmattersoniq@oracle.com,Male,81.119.186.36,Germany
676,Alonzo,MacElroy,amacelroyir@github.com,Male,171.152.47.253,Poland
677,Bridget,MacCahee,bmaccaheeis@multiply.com,Polygender,137.240.15.50,Bosnia and Herzegovina
678,Karney,Croy,kcroyit@japanpost.jp,Male,116.85.127.102,Czech Republic
679,Ewan,Rankin,erankiniu@auda.org.au,Male,70.83.198.131,Sweden
680,Cesare,Riggert,criggertiv@about.com,Male,190.150.127.184,France
681,Andy,Sadat,asadatiw@forbes.com,Male,134.109.214.198,Norway
682,Christiane,Pickworth,cpickworthix@newsvine.com,Female,197.55.65.168,Indonesia
683,Margarethe,Rappoport,mrappoportiy@reddit.com,Female,35.114.156.9,Indonesia
684,Angus,Oganesian,aoganesianiz@gizmodo.com,Male,109.154.2.88,Russia
685,Doug,Dysert,ddysertj0@timesonline.co.uk,Polygender,4.12.124.9,Namibia
686,Marin,Siegertsz,msiegertszj1@dell.com,Female,176.228.150.90,China
687,Granville,Riggeard,griggeardj2@state.gov,Male,7.23.194.83,Indonesia
688,Dun,Cutchey,dcutcheyj3@aol.com,Genderfluid,171.122.200.54,Bosnia and Herzegovina
689,Di,Pimlott,dpimlottj4@alexa.com,Female,48.136.234.241,Indonesia
690,Valentine,Goodband,vgoodbandj5@etsy.com,Non-binary,144.50.30.44,Brazil
691,Delaney,Ireson,diresonj6@ustream.tv,Male,118.215.5.214,Ukraine
692,Remy,Knowles,rknowlesj7@java.com,Female,241.23.20.168,Germany
693,Renaud,Jendricke,rjendrickej8@reuters.com,Male,247.190.90.8,Portugal
694,Minor,Kiernan,mkiernanj9@amazon.co.uk,Genderfluid,243.7.132.87,Poland
695,Aldrich,Presser,apresserja@cnet.com,Male,40.213.36.93,Czech Republic
696,Zoe,Philler,zphillerjb@elegantthemes.com,Female,155.85.20.103,China
697,Stu,Warwick,swarwickjc@zimbio.com,Male,232.45.239.44,Philippines
698,Bartolemo,Dury,bduryjd@themeforest.net,Male,159.63.51.234,Sweden
699,Skell,McGairl,smcgairlje@slate.com,Male,38.29.21.206,Croatia
700,Rahel,Ulyatt,rulyattjf@usnews.com,Female,214.1.10.43,China
701,Bronson,Polo,bpolojg@360.cn,Male,151.138.189.176,Georgia
702,Cory,Ledgister,cledgisterjh@archive.org,Female,120.248.139.202,France
703,Celia,Capini,ccapiniji@webmd.com,Agender,26.47.108.156,Spain
704,Rubia,Kubiczek,rkubiczekjj@com.com,Female,23.215.32.85,Russia
705,Tomi,Buggs,tbuggsjk@phoca.cz,Female,181.42.103.251,China
706,Bartholomeo,Pykerman,bpykermanjl@sciencedaily.com,Male,71.12.52.236,France
707,Ina,MacCarroll,imaccarrolljm@si.edu,Female,143.46.133.7,Russia
708,Melisent,Portlock,mportlockjn@yolasite.com,Female,235.63.207.198,Philippines
709,Gwenette,McCoish,gmccoishjo@de.vu,Female,17.12.95.8,Czech Republic
710,Shandra,Robertelli,srobertellijp@a8.net,Female,185.127.62.170,Philippines
711,Jermayne,Schuelcke,jschuelckejq@spotify.com,Male,69.40.250.201,Yemen
712,Morissa,Freathy,mfreathyjr@aboutads.info,Female,33.231.194.222,Brazil
713,Jaquelin,Bringloe,jbringloejs@netvibes.com,Female,53.203.28.9,Poland
714,Gasparo,Bruyett,gbruyettjt@mlb.com,Male,226.117.8.66,Japan
715,Minnnie,Vince,mvinceju@sohu.com,Female,170.199.91.155,China
716,Kenyon,Essery,kesseryjv@uol.com.br,Male,216.196.133.87,Russia
717,Janna,Hatherall,jhatheralljw@discuz.net,Female,58.66.153.9,Brazil
718,Karoly,Roebottom,kroebottomjx@macromedia.com,Agender,166.29.248.199,Argentina
719,Inga,Britney,ibritneyjy@dedecms.com,Female,60.148.165.24,Russia
720,Euell,Bayley,ebayleyjz@dot.gov,Male,173.221.68.200,China
721,Abbott,Berndtsson,aberndtssonk0@google.cn,Male,204.214.93.167,Poland
722,Domenic,Grubb,dgrubbk1@bandcamp.com,Male,38.82.80.69,Indonesia
723,Billy,Endon,bendonk2@webeden.co.uk,Genderfluid,48.203.27.34,China
724,Hammad,Cadman,hcadmank3@last.fm,Male,197.53.38.26,Brazil
725,Cord,Wenger,cwengerk4@smh.com.au,Male,53.178.209.72,Mexico
726,Vale,Willavize,vwillavizek5@opensource.org,Male,219.229.158.159,Philippines
727,Carolan,Marston,cmarstonk6@ovh.net,Non-binary,56.215.221.69,Peru
728,Dory,Ramsier,dramsierk7@newsvine.com,Female,255.228.149.179,Nigeria
729,Urson,Pydcock,upydcockk8@plala.or.jp,Male,102.177.58.20,Sweden
730,Catha,Rayer,crayerk9@cloudflare.com,Female,133.28.48.27,Poland
731,Staffard,Sampson,ssampsonka@wix.com,Male,80.45.212.102,Philippines
732,Bambie,Kille,bkillekb@prnewswire.com,Female,183.63.156.237,China
733,Philis,Fortoun,pfortounkc@typepad.com,Female,176.144.184.32,Indonesia
734,Carmella,Blincko,cblinckokd@rambler.ru,Female,76.130.67.169,Philippines
735,Carce,Putt,cputtke@ox.ac.uk,Male,245.74.182.103,Greece
736,Alta,Brudenell,abrudenellkf@java.com,Female,6.131.119.205,China
737,Iain,Karadzas,ikaradzaskg@omniture.com,Male,206.58.13.149,East Timor
738,Maris,McManamon,mmcmanamonkh@patch.com,Female,50.52.119.181,Canada
739,Godwin,Mahony,gmahonyki@usda.gov,Male,208.28.32.100,Ireland
740,Alameda,Ianitti,aianittikj@yandex.ru,Female,248.172.239.49,Argentina
741,Gregg,Siaskowski,gsiaskowskikk@nbcnews.com,Male,219.174.140.199,Sweden
742,Flynn,Baudic,fbaudickl@skyrock.com,Male,190.42.14.72,Russia
743,Franni,Roony,froonykm@google.de,Bigender,186.0.158.238,Ireland
744,Tomlin,Bending,tbendingkn@pen.io,Male,147.9.145.71,China
745,Garald,Brightman,gbrightmanko@g.co,Male,138.88.80.84,Cameroon
746,Morgen,Rumble,mrumblekp@microsoft.com,Genderfluid,233.35.5.172,Mexico
747,Christen,Ronayne,cronaynekq@ezinearticles.com,Female,166.134.95.77,Indonesia
748,Andy,Crowch,acrowchkr@jiathis.com,Agender,194.164.202.222,China
749,Ailsun,MacTeggart,amacteggartks@nature.com,Female,147.83.38.57,China
750,Jerri,Morratt,jmorrattkt@comsenz.com,Male,99.169.119.233,Czech Republic
751,Mellicent,Bentzen,mbentzenku@un.org,Female,58.79.183.18,China
752,Lyssa,Fowlie,lfowliekv@forbes.com,Female,97.11.48.38,Poland
753,Ave,Farris,afarriskw@shinystat.com,Male,245.20.124.71,Indonesia
754,Cyb,Ussher,cussherkx@nifty.com,Female,82.176.241.243,Indonesia
755,Reese,Delgardo,rdelgardoky@tamu.edu,Male,19.33.49.178,Indonesia
756,Jorie,Chellingworth,jchellingworthkz@hugedomains.com,Female,156.30.86.174,United States
757,Shep,Howler,showlerl0@addtoany.com,Male,39.101.187.242,Argentina
758,Darn,Simoneau,dsimoneaul1@wikipedia.org,Male,36.236.133.167,Morocco
759,Pepe,Gurg,pgurgl2@wp.com,Male,67.125.131.195,China
760,Brandice,Hedan,bhedanl3@trellian.com,Female,94.97.99.35,China
761,Michal,McElroy,mmcelroyl4@about.com,Female,1.200.6.136,Russia
762,Joelly,Burhill,jburhilll5@samsung.com,Female,131.95.228.56,Finland
763,Martina,Mordecai,mmordecail6@diigo.com,Female,65.193.152.233,Indonesia
764,Jud,Grishakin,jgrishakinl7@creativecommons.org,Genderfluid,5.183.38.255,Nigeria
765,Waldemar,Swatradge,wswatradgel8@topsy.com,Male,196.50.74.242,Morocco
766,Stace,Tuhy,stuhyl9@ed.gov,Female,92.198.34.41,Argentina
767,Chrystel,Conlaund,cconlaundla@wiley.com,Female,228.58.56.10,China
768,Devonne,Bulford,dbulfordlb@utexas.edu,Female,133.115.102.99,United States
769,Marion,Brislen,mbrislenlc@xrea.com,Female,158.46.134.237,Indonesia
770,Natalee,Croke,ncrokeld@google.nl,Polygender,152.109.235.152,Japan
771,Errol,Matyugin,ematyuginle@comsenz.com,Male,147.199.88.125,Czech Republic
772,Kylie,Gogan,kgoganlf@about.com,Polygender,166.93.237.40,Mexico
773,Casi,Luthwood,cluthwoodlg@shop-pro.jp,Female,194.34.143.80,Syria
774,Herminia,Beresfore,hberesforelh@usa.gov,Female,17.136.63.237,China
775,Cherida,Wolverson,cwolversonli@tamu.edu,Female,159.221.208.190,Russia
776,Cornelle,Worman,cwormanlj@cbsnews.com,Female,54.233.61.99,Indonesia
777,Godiva,Whiff,gwhifflk@wordpress.org,Female,168.234.246.86,Japan
778,Cati,Eadmead,ceadmeadll@goodreads.com,Female,37.114.103.185,Bulgaria
779,Tawnya,Beldum,tbeldumlm@hc360.com,Female,240.225.187.129,Russia
780,Roldan,Graeser,rgraeserln@sina.com.cn,Male,102.246.207.155,China
781,Di,Marking,dmarkinglo@umich.edu,Female,164.35.227.67,France
782,Imelda,Gisburne,igisburnelp@go.com,Female,235.60.230.111,Netherlands
783,Emmit,Trickey,etrickeylq@newyorker.com,Male,96.247.249.251,Brazil
784,Clayborne,Bilston,cbilstonlr@sina.com.cn,Male,26.65.199.63,United Kingdom
785,Paloma,Currao,pcurraols@unblog.fr,Female,255.171.52.72,Ireland
786,Findlay,Cornick,fcornicklt@canalblog.com,Male,76.22.83.253,China
787,Hayyim,Tebald,htebaldlu@google.com.au,Male,135.183.62.222,Austria
788,Zia,Hallor,zhallorlv@archive.org,Female,172.220.238.161,Sweden
789,Alikee,Dorney,adorneylw@umn.edu,Female,213.206.6.21,Albania
790,Barnabas,Perryn,bperrynlx@fastcompany.com,Male,196.140.31.30,France
791,Maynord,Deekes,mdeekesly@reuters.com,Male,202.89.97.92,Ivory Coast
792,Olive,Ast,oastlz@joomla.org,Female,111.185.205.170,Malaysia
793,L;urette,Calbrathe,lcalbrathem0@amazonaws.com,Female,111.8.18.64,Oman
794,Cornie,Stickins,cstickinsm1@paginegialle.it,Male,153.55.117.109,Sweden
795,Maressa,Lightowler,mlightowlerm2@csmonitor.com,Female,90.37.243.4,Russia
796,Stavro,Dibnah,sdibnahm3@123-reg.co.uk,Male,127.182.138.69,Burkina Faso
797,Madalyn,Foukx,mfoukxm4@washingtonpost.com,Female,165.79.232.152,China
798,Luisa,Mogg,lmoggm5@nih.gov,Bigender,168.108.27.84,Brazil
799,Michel,Liles,mlilesm6@chron.com,Male,162.5.21.78,Myanmar
800,Marlo,Lambertz,mlambertzm7@unicef.org,Male,114.86.178.202,Canada
801,Roma,Burnapp,rburnappm8@hao123.com,Male,141.108.244.157,Nigeria
802,Bran,Cale,bcalem9@edublogs.org,Male,50.75.37.96,Philippines
803,Heath,Birrell,hbirrellma@printfriendly.com,Male,120.208.157.93,Vanuatu
804,Tedmund,Beaford,tbeafordmb@illinois.edu,Male,13.118.224.228,Indonesia
805,Karmen,Luisetti,kluisettimc@tinypic.com,Female,154.233.161.203,Sweden
806,Cristin,Delap,cdelapmd@furl.net,Female,241.14.196.179,France
807,Marnia,Sherar,msherarme@epa.gov,Female,61.205.213.200,Brazil
808,Hedi,Bristoe,hbristoemf@virginia.edu,Female,214.180.19.239,Sweden
809,Kylen,Pendock,kpendockmg@bravesites.com,Polygender,40.130.151.132,China
810,Anitra,Roiz,aroizmh@java.com,Agender,227.246.18.74,Indonesia
811,Rodrigo,Lowbridge,rlowbridgemi@wikipedia.org,Non-binary,43.125.5.201,Indonesia
812,Aloysius,Mc Caghan,amccaghanmj@privacy.gov.au,Male,169.144.145.104,Russia
813,Brannon,Wyburn,bwyburnmk@home.pl,Male,64.219.140.144,Colombia
814,Xymenes,Michie,xmichieml@adobe.com,Male,121.22.188.97,Nigeria
815,Harman,Reside,hresidemm@altervista.org,Male,106.126.110.251,Sweden
816,Bogey,Meneghi,bmeneghimn@deviantart.com,Male,229.147.220.104,China
817,Bastian,Allison,ballisonmo@google.com.hk,Male,54.187.75.152,Sudan
818,Luelle,Corrado,lcorradomp@oracle.com,Female,233.187.219.43,Honduras
819,Lolita,Jeandot,ljeandotmq@salon.com,Female,71.115.106.67,Brazil
820,Correy,Tollerton,ctollertonmr@about.me,Male,243.181.176.247,Iran
821,Anatola,Templeton,atempletonms@vkontakte.ru,Female,139.84.182.199,China
822,Nanny,Sudron,nsudronmt@google.com.au,Female,93.159.108.56,Sweden
823,Tremaine,Gallo,tgallomu@fema.gov,Male,162.82.195.106,Egypt
824,Mireielle,Roper,mropermv@cnet.com,Female,139.195.55.180,Nigeria
825,Audry,Wooland,awoolandmw@techcrunch.com,Bigender,67.66.9.129,Pakistan
826,Cecilius,Waistall,cwaistallmx@youtube.com,Male,81.147.177.54,China
827,Sly,Dureden,sduredenmy@nytimes.com,Male,214.243.22.35,China
828,Milena,Patmore,mpatmoremz@xing.com,Female,155.72.254.157,Bangladesh
829,Cullan,Feifer,cfeifern0@purevolume.com,Male,253.203.195.122,Tunisia
830,Nanci,Morewood,nmorewoodn1@berkeley.edu,Female,144.227.138.3,China
831,Silvain,Mangan,smangann2@about.com,Male,174.225.157.33,China
832,Erinn,Conybear,econybearn3@dailymotion.com,Female,176.95.215.67,Russia
833,Lina,Melly,lmellyn4@skyrock.com,Female,129.120.28.60,United States
834,Enid,Lillico,elillicon5@bing.com,Female,115.61.223.250,Costa Rica
835,Delphine,Layton,dlaytonn6@topsy.com,Female,85.36.55.72,Russia
836,Lizabeth,Perrins,lperrinsn7@geocities.com,Female,191.149.177.44,China
837,Judd,Callard,jcallardn8@altervista.org,Male,206.50.123.134,Yemen
838,Caron,Hanson,chansonn9@mtv.com,Female,92.204.91.165,Russia
839,Blakelee,Ashbee,bashbeena@nifty.com,Female,242.179.127.198,Indonesia
840,Wendye,De Malchar,wdemalcharnb@apple.com,Polygender,145.178.45.160,Indonesia
841,Ginni,Derycot,gderycotnc@microsoft.com,Female,78.33.35.9,France
842,Itch,Cordier,icordiernd@dmoz.org,Male,241.236.39.107,Portugal
843,Lib,Ventham,lventhamne@mail.ru,Female,30.102.92.130,Indonesia
844,Inness,Ferebee,iferebeenf@blogtalkradio.com,Male,107.49.246.76,Israel
845,Vivian,Drewry,vdrewryng@psu.edu,Female,163.235.207.66,Thailand
846,Taddeo,Caw,tcawnh@nps.gov,Male,108.149.240.201,Indonesia
847,Eb,Bissett,ebissettni@nhs.uk,Male,76.177.186.46,Brazil
848,Avram,Livermore,alivermorenj@php.net,Male,132.68.56.101,Macedonia
849,Fifi,Flaubert,fflaubertnk@alexa.com,Female,69.39.65.103,Germany
850,Trever,Beiderbecke,tbeiderbeckenl@weibo.com,Male,130.221.141.68,Philippines
851,Rickie,Thirkettle,rthirkettlenm@ocn.ne.jp,Female,122.163.168.107,Spain
852,Arabella,Spring,aspringnn@clickbank.net,Female,126.219.65.53,China
853,Star,Bentz,sbentzno@taobao.com,Female,190.104.147.109,Indonesia
854,Lucila,Mawd,lmawdnp@pen.io,Female,168.158.79.212,China
855,Raymond,Rapsey,rrapseynq@privacy.gov.au,Male,195.21.162.181,Cameroon
856,Rosaline,Carbry,rcarbrynr@tumblr.com,Female,200.132.209.255,United States
857,Ashli,Parlet,aparletns@census.gov,Female,15.231.98.92,Brazil
858,Pepe,Joynson,pjoynsonnt@europa.eu,Male,200.53.72.252,Palestinian Territory
859,Malvin,Ollerenshaw,mollerenshawnu@yandex.ru,Male,168.193.114.163,Indonesia
860,Tris,Gerler,tgerlernv@tripod.com,Male,203.57.18.241,Sweden
861,Daveen,Bennion,dbennionnw@xrea.com,Female,38.39.103.168,France
862,Onofredo,De Hoogh,odehooghnx@cdbaby.com,Genderqueer,228.15.56.199,Brazil
863,Hollis,Thorrington,hthorringtonny@live.com,Male,231.66.4.44,Russia
864,Pearle,Rubinovitsch,prubinovitschnz@devhub.com,Female,67.247.243.117,Philippines
865,Ingemar,Stanlock,istanlocko0@g.co,Male,93.135.222.37,Argentina
866,Maritsa,Picken,mpickeno1@t-online.de,Bigender,255.195.235.227,Brazil
867,Vincent,Peak,vpeako2@over-blog.com,Male,52.26.41.16,China
868,Marissa,Doyle,mdoyleo3@va.gov,Female,216.144.36.10,Iran
869,Chere,Botham,cbothamo4@sciencedaily.com,Female,254.206.74.12,Serbia
870,Mandel,Thorouggood,mthorouggoodo5@msu.edu,Male,68.172.186.52,Bahamas
871,North,Heinl,nheinlo6@zdnet.com,Male,175.213.175.139,United States
872,Kellsie,Slimings,kslimingso7@google.es,Female,1.236.30.94,Indonesia
873,Bertrand,Ludy,bludyo8@friendfeed.com,Male,240.63.254.153,Nepal
874,Lyon,Walesa,lwalesao9@printfriendly.com,Male,231.69.7.46,Uzbekistan
875,Halsey,Kayzer,hkayzeroa@ca.gov,Male,72.166.100.123,Argentina
876,Deck,Eastby,deastbyob@usatoday.com,Male,100.86.9.41,Greece
877,Joete,Kislingbury,jkislingburyoc@gov.uk,Female,111.66.248.181,Chile
878,Katusha,Stodart,kstodartod@toplist.cz,Female,122.68.4.123,Portugal
879,Vitia,Wyche,vwycheoe@freewebs.com,Female,106.51.193.181,Honduras
880,Marietta,Jackes,mjackesof@walmart.com,Male,53.203.52.125,Portugal
881,Zerk,Matthiesen,zmatthiesenog@harvard.edu,Male,61.248.35.83,China
882,Hunter,Hillen,hhillenoh@vinaora.com,Male,215.215.32.248,Brazil
883,Averyl,Antal,aantaloi@bing.com,Female,178.251.213.207,China
884,Timoteo,Doody,tdoodyoj@histats.com,Male,252.52.98.255,United States
885,Kevan,Scardifeild,kscardifeildok@google.cn,Male,138.101.96.113,Brazil
886,Kath,Ditchett,kditchettol@github.io,Female,182.111.187.121,Canada
887,Mariejeanne,Trinkwon,mtrinkwonom@imgur.com,Female,65.148.62.219,Philippines
888,Chrisse,Woehler,cwoehleron@squidoo.com,Male,1.136.72.80,Sweden
889,Hillery,Shellsheere,hshellsheereoo@quantcast.com,Male,156.138.20.1,Poland
890,Merissa,Goldston,mgoldstonop@wordpress.org,Female,150.207.240.10,Russia
891,Arden,Duns,adunsoq@woothemes.com,Female,97.2.245.251,China
892,Rozina,Peasee,rpeaseeor@sphinn.com,Female,115.248.54.28,China
893,Justinn,Davidovic,jdavidovicos@typepad.com,Female,243.122.131.56,Colombia
894,Jeffrey,Barrack,jbarrackot@bbb.org,Male,96.132.167.238,Russia
895,Farly,Atterley,fatterleyou@wsj.com,Male,68.155.172.72,Belarus
896,Damaris,Hobbing,dhobbingov@aboutads.info,Non-binary,160.103.104.103,Russia
897,Tab,Drynan,tdrynanow@comsenz.com,Genderqueer,212.201.193.122,Canada
898,Harman,Dewdeny,hdewdenyox@cmu.edu,Male,94.6.98.212,South Africa
899,Padraig,Devine,pdevineoy@desdev.cn,Male,228.29.222.33,Israel
900,Richmond,Paul,rpauloz@trellian.com,Male,163.90.243.82,Brazil
901,Dianna,McCuffie,dmccuffiep0@indiatimes.com,Genderfluid,173.92.26.190,China
902,Ernie,Greedy,egreedyp1@google.nl,Male,111.196.60.244,Macedonia
903,Candie,Schoffler,cschofflerp2@google.de,Female,31.131.108.152,Mexico
904,Dode,Shayler,dshaylerp3@cargocollective.com,Female,48.209.65.89,China
905,Humbert,Fairnie,hfairniep4@amazon.co.uk,Male,123.101.96.12,Portugal
906,Donavon,Margery,dmargeryp5@samsung.com,Male,124.161.165.49,El Salvador
907,Virgilio,Strowger,vstrowgerp6@sogou.com,Male,119.195.162.162,Thailand
908,Norene,Strathman,nstrathmanp7@so-net.ne.jp,Bigender,16.186.29.26,China
909,Alphonse,Cometti,acomettip8@drupal.org,Male,49.209.97.157,Czech Republic
910,Hedwiga,Barhem,hbarhemp9@bloomberg.com,Female,97.128.96.85,Indonesia
911,Timothy,Dodge,tdodgepa@washington.edu,Male,85.62.231.168,United States
912,Moore,Messitt,mmessittpb@hc360.com,Male,198.208.217.58,Yemen
913,Poppy,Purdey,ppurdeypc@vk.com,Female,241.253.204.65,Thailand
914,Garrick,Bineham,gbinehampd@opensource.org,Male,118.251.177.65,Norway
915,Nancey,Jedrzejkiewicz,njedrzejkiewiczpe@cisco.com,Female,15.212.125.127,Canada
916,Sigfried,Plaschke,splaschkepf@weather.com,Male,19.227.221.137,China
917,Farah,Beausang,fbeausangpg@reverbnation.com,Female,240.142.203.119,Brazil
918,Elga,Anton,eantonph@drupal.org,Female,236.175.75.244,France
919,Jamaal,Pinn,jpinnpi@deliciousdays.com,Agender,93.240.98.111,Sierra Leone
920,Jimmie,Iorizzi,jiorizzipj@ucla.edu,Male,173.231.49.220,China
921,Ellie,Kroger,ekrogerpk@bbb.org,Female,105.165.93.219,China
922,Putnem,Weaving,pweavingpl@eventbrite.com,Male,56.175.194.144,Bulgaria
923,Johannah,Cleugher,jcleugherpm@prweb.com,Female,102.128.169.232,China
924,Adolf,Boyde,aboydepn@usnews.com,Male,219.175.175.167,Egypt
925,Vlad,Zupo,vzupopo@unc.edu,Male,147.157.90.139,France
926,Emylee,Quiddihy,equiddihypp@miibeian.gov.cn,Female,12.175.72.123,Czech Republic
927,Packston,Pierton,ppiertonpq@hatena.ne.jp,Male,99.47.87.114,Cameroon
928,Karee,Gosnay,kgosnaypr@hugedomains.com,Polygender,164.244.223.164,Portugal
929,Felice,Cornilleau,fcornilleaups@sciencedaily.com,Non-binary,61.70.161.139,Tunisia
930,Mella,Stoke,mstokept@fema.gov,Polygender,193.196.62.230,China
931,Thomas,Brekonridge,tbrekonridgepu@qq.com,Male,169.223.243.167,Sweden
932,Doug,Gilson,dgilsonpv@nature.com,Male,5.49.92.117,Saudi Arabia
933,Ardelle,Chadbourn,achadbournpw@tumblr.com,Female,62.241.96.4,Brazil
934,Darcy,Bouchier,dbouchierpx@netlog.com,Male,163.36.229.101,Suriname
935,Agathe,Ruusa,aruusapy@sogou.com,Female,170.157.232.42,Sweden
936,Jessamine,Satch,jsatchpz@umn.edu,Female,210.18.56.68,China
937,Jade,Strathe,jstratheq0@ucla.edu,Female,155.215.183.250,Nigeria
938,Leda,Georgot,lgeorgotq1@berkeley.edu,Female,27.175.74.58,United States
939,Alex,Brockelsby,abrockelsbyq2@baidu.com,Male,91.1.132.79,Netherlands
940,Ginny,Screen,gscreenq3@aboutads.info,Agender,246.194.192.116,Turkmenistan
941,Gabriel,Mc Ilwrick,gmcilwrickq4@ibm.com,Female,145.228.187.3,China
942,Betta,Klagge,bklaggeq5@topsy.com,Female,0.107.15.104,Panama
943,Harwell,Ivons,hivonsq6@baidu.com,Male,60.226.93.155,Peru
944,Celle,Shade,cshadeq7@sfgate.com,Polygender,131.8.230.179,Ireland
945,Blinny,Bock,bbockq8@deviantart.com,Female,245.235.210.23,Indonesia
946,Benetta,Keford,bkefordq9@nyu.edu,Female,114.86.227.169,Uzbekistan
947,Abbe,Yashanov,ayashanovqa@msu.edu,Female,35.55.204.224,China
948,Sherrie,Dickerson,sdickersonqb@nps.gov,Female,5.49.102.52,China
949,Upton,Roberto,urobertoqc@ftc.gov,Male,211.246.155.129,Peru
950,Honey,Reeve,hreeveqd@msu.edu,Female,91.95.104.65,France
951,Lin,Helwig,lhelwigqe@tinyurl.com,Female,167.222.181.29,China
952,Katerine,Ruddom,kruddomqf@bbb.org,Female,165.92.33.220,China
953,Milton,McDonagh,mmcdonaghqg@deviantart.com,Male,74.146.55.112,China
954,Dorree,Peerman,dpeermanqh@msu.edu,Female,17.244.28.162,United States
955,William,Heyburn,wheyburnqi@baidu.com,Genderqueer,25.119.14.54,Azerbaijan
956,Gifford,Witson,gwitsonqj@dropbox.com,Male,90.176.94.21,Andorra
957,Doroteya,Robertot,drobertotqk@bizjournals.com,Female,95.187.0.241,Greece
958,Lucias,Westberg,lwestbergql@virginia.edu,Male,63.58.210.8,Colombia
959,Joyann,Ghidelli,jghidelliqm@jiathis.com,Female,113.117.118.172,Colombia
960,Rafaello,Mapham,rmaphamqn@domainmarket.com,Male,28.8.117.26,France
961,Valentijn,Smoughton,vsmoughtonqo@scientificamerican.com,Polygender,105.92.48.2,Thailand
962,North,Gillespey,ngillespeyqp@furl.net,Male,234.72.197.42,Portugal
963,Isaiah,Froom,ifroomqq@jugem.jp,Male,71.230.241.193,Norway
964,Zachery,Baskerfield,zbaskerfieldqr@cmu.edu,Genderfluid,137.170.47.102,Chad
965,Zachary,Billion,zbillionqs@weibo.com,Male,30.96.192.23,Belgium
966,Adara,Synan,asynanqt@slashdot.org,Female,47.247.67.138,Russia
967,Flin,Feldbaum,ffeldbaumqu@nifty.com,Male,70.142.87.144,Japan
968,Donnell,Bartczak,dbartczakqv@smh.com.au,Male,19.12.118.91,Ireland
969,Hinze,Meriton,hmeritonqw@google.cn,Polygender,181.163.2.182,China
970,Brittaney,Lotherington,blotheringtonqx@soundcloud.com,Female,29.197.21.208,Russia
971,Juliann,Devenish,jdevenishqy@census.gov,Female,191.255.18.60,Slovenia
972,Paddie,Elphee,pelpheeqz@amazon.co.uk,Male,178.229.37.243,China
973,Elayne,Wibrow,ewibrowr0@so-net.ne.jp,Polygender,29.152.45.137,Colombia
974,Mitchel,Hort,mhortr1@marriott.com,Male,119.149.110.40,United States
975,Ailene,Simson,asimsonr2@cnbc.com,Female,228.36.246.147,Indonesia
976,Clint,Penright,cpenrightr3@arizona.edu,Male,149.184.64.200,Ukraine
977,Alden,Bagwell,abagwellr4@time.com,Male,64.51.33.2,China
978,Channa,Blue,cbluer5@fc2.com,Female,5.108.80.193,Montenegro
979,Meghan,Vankin,mvankinr6@infoseek.co.jp,Female,240.198.61.219,Brazil
980,Marice,Ollive,molliver7@slate.com,Female,190.226.180.126,China
981,Clarette,Ritzman,critzmanr8@state.gov,Female,188.100.107.186,Brazil
982,Christophorus,Caffrey,ccaffreyr9@deliciousdays.com,Male,45.239.32.63,Israel
983,Zarla,Carbett,zcarbettra@exblog.jp,Female,33.227.255.226,Kosovo
984,Janie,Darrington,jdarringtonrb@nps.gov,Female,195.148.104.59,Latvia
985,Dillie,Schurcke,dschurckerc@businesswire.com,Male,133.42.230.36,Indonesia
986,Grethel,Bovis,gbovisrd@wufoo.com,Female,18.75.91.243,Greece
987,Dorette,Maydway,dmaydwayre@hugedomains.com,Female,133.49.31.61,Philippines
988,Merry,Tibbotts,mtibbottsrf@omniture.com,Male,225.171.66.22,Japan
989,Ardelis,Cottrell,acottrellrg@nhs.uk,Female,82.37.71.215,Latvia
990,Gwendolin,Yakubov,gyakubovrh@domainmarket.com,Female,49.4.74.42,Nigeria
991,Thaddeus,Cullington,tcullingtonri@is.gd,Male,128.17.253.68,China
992,Saudra,Dewsnap,sdewsnaprj@mashable.com,Female,107.240.227.153,Philippines
993,Garvey,Relph,grelphrk@unesco.org,Non-binary,190.179.241.184,Kenya
994,Nicholle,Millican,nmillicanrl@vk.com,Female,160.122.36.124,Ukraine
995,Rustie,Pea,rpearm@un.org,Male,228.190.187.96,China
996,Ezekiel,Langelaan,elangelaanrn@biblegateway.com,Male,254.238.183.227,Indonesia
997,Nelie,Daleman,ndalemanro@qq.com,Female,144.185.58.81,China
998,Remington,Gerssam,rgerssamrp@dailymotion.com,Agender,220.223.55.87,Russia
999,Dena,Balkwill,dbalkwillrq@slashdot.org,Female,223.240.3.36,Brazil
1000,Worthy,Grassot,wgrassotrr@moonfruit.com,Male,104.15.174.251,Russia