id,first_name,last_name,email,gender,ip_address,country
1,Christin,Gainsboro,cgainsboro0@ucoz.ru,Female,173.238.79.60,China
2,Sherline,Lapwood,slapwood1@ezinearticles.com,Female,3.242.113.233,Philippines
3,Jeramie,Norker,jnorker2@1688.com,Male,134.11.81.28,Peru
4,Donalt,Amoore,damoore3@blogspot.com,Male,170.86.175.118,Japan
5,Zsa zsa,Haverty,zhaverty4@weibo.com,Female,250.214.23.33,Sweden
6,Korella,Okenden,kokenden5@whitehouse.gov,Female,195.249.243.5,China
7,Myrtice,Brown,mbrown6@hexun.com,Bigender,18.231.179.168,Philippines
8,Aloin,Stainson,astainson7@ibm.com,Male,54.124.121.57,Costa Rica
9,Zelig,Fawdry,zfawdry8@ted.com,Male,249.116.55.127,Russia
10,Laurens,Labitt,llabitt9@stumbleupon.com,Male,182.74.209.64,China
11,Ranee,Gillice,rgillicea@aol.com,Female,244.6.21.233,Sweden
12,Ekaterina,Sarfati,esarfatib@printfriendly.com,Female,178.2.105.78,Portugal
13,Babb,Lepoidevin,blepoidevinc@trellian.com,Female,63.24.244.197,French Polynesia
14,Hynda,Battams,hbattamsd@nyu.edu,Female,247.164.172.218,Germany
15,Whitman,Pickthall,wpickthalle@wikimedia.org,Male,140.120.184.142,Vietnam
16,Ezri,Trillo,etrillof@ucsd.edu,Male,243.23.197.30,Czech Republic
17,Micky,De Paepe,mdepaepeg@blogtalkradio.com,Bigender,157.115.15.21,United States
18,Ilsa,Nevison,inevisonh@berkeley.edu,Female,196.227.95.121,Argentina
19,Libbi,Pizzie,lpizziei@google.it,Female,139.233.231.185,Sweden
20,Gregory,Gabbat,ggabbatj@goo.ne.jp,Male,186.105.186.172,Nigeria
21,Dallas,Frawley,dfrawleyk@facebook.com,Non-binary,137.174.254.188,China
22,Daisie,Reddoch,dreddochl@skyrock.com,Female,173.31.51.37,China
23,Gretal,Bineham,gbinehamm@technorati.com,Female,147.205.31.45,Poland
24,Elga,Frostdyke,efrostdyken@woothemes.com,Female,130.223.123.16,Sweden
25,Melantha,Markl,mmarklo@a8.net,Female,197.110.56.130,Croatia
26,Ezechiel,Apedaile,eapedailep@google.pl,Male,40.188.173.51,Indonesia
27,Lula,Merrilees,lmerrileesq@blog.com,Female,165.83.97.164,Indonesia
28,Mildrid,Ximenez,mximenezr@hc360.com,Female,216.112.191.196,China
29,Christiana,Hearthfield,chearthfields@163.com,Female,169.191.159.70,China
30,Morena,Rosenfeld,mrosenfeldt@devhub.com,Female,61.103.155.229,Bulgaria
31,Madison,Sarge,msargeu@umich.edu,Male,136.33.163.197,Brazil
32,Pauli,Siegertsz,psiegertszv@tmall.com,Female,112.136.130.20,China
33,Teddie,Lamps,tlampsw@cdbaby.com,Male,18.27.63.73,France
34,Donella,Cadwaladr,dcadwaladrx@stanford.edu,Female,187.62.73.212,China
35,Philip,Saffe,psaffey@shareasale.com,Male,109.218.202.78,Kenya
36,Rocky,O'Henecan,rohenecanz@amazon.co.uk,Male,50.174.247.78,Indonesia
37,Dyanne,Doni,ddoni10@163.com,Non-binary,73.66.4.29,Argentina
38,Mirelle,Rockwill,mrockwill11@sfgate.com,Female,79.42.136.77,Niger
39,Miguela,Muckart,mmuckart12@is.gd,Female,14.4.21.60,Philippines
40,Marys,Gogarty,mgogarty13@unesco.org,Female,124.151.121.53,Netherlands
41,Stephi,Insull,sinsull14@elegantthemes.com,Female,135.68.243.236,France
42,Myrwyn,Russe,mrusse15@woothemes.com,Male,228.71.4.181,South Korea
43,Jewelle,Brou,jbrou16@skyrock.com,Female,100.216.160.165,China
44,Berty,Folliss,bfolliss17@cisco.com,Female,74.150.6.116,China
45,Othelia,Parncutt,oparncutt18@acquirethisname.com,Non-binary,168.37.55.98,Russia
46,Evin,Panons,epanons19@spotify.com,Male,148.253.220.247,Sweden
47,Enrique,Leebetter,eleebetter1a@freewebs.com,Genderfluid,133.119.131.3,Philippines
48,Agathe,Spinke,aspinke1b@goo.gl,Female,197.200.112.224,Ecuador
49,Katerine,Kilalea,kkilalea1c@webnode.com,Female,144.104.228.130,France
50,Dwight,De Lacey,ddelacey1d@dedecms.com,Male,197.80.183.217,China
51,Sheryl,Laytham,slaytham1e@wordpress.com,Female,209.171.45.224,Tanzania
52,Vikky,Menendez,vmenendez1f@pcworld.com,Female,226.248.112.138,United States
53,Odilia,Challace,ochallace1g@seesaa.net,Female,216.3.184.149,Syria
54,Jillene,Naris,jnaris1h@uiuc.edu,Female,25.58.209.7,Philippines
55,Bill,Plitz,bplitz1i@xrea.com,Male,9.88.226.144,Afghanistan
56,Ekaterina,Antonnikov,eantonnikov1j@craigslist.org,Female,96.20.247.33,China
57,Anson,Kenafaque,akenafaque1k@icq.com,Male,19.107.51.207,United States
58,Tierney,Bordes,tbordes1l@wp.com,Female,99.63.189.84,China
59,Edvard,Byrkmyr,ebyrkmyr1m@washington.edu,Male,138.10.44.220,China
60,Marni,Cud,mcud1n@archive.org,Female,166.54.227.170,Chile
61,Vonni,Bettley,vbettley1o@phpbb.com,Genderfluid,244.87.49.147,South Korea
62,Ezmeralda,Von Welldun,evonwelldun1p@pen.io,Female,78.187.130.144,Poland
63,Amalia,Jado,ajado1q@hugedomains.com,Female,34.235.133.100,Ukraine
64,Pincas,Snap,psnap1r@wisc.edu,Male,98.245.46.50,Japan
65,Ed,Hailston,ehailston1s@washington.edu,Male,45.246.12.176,Portugal
66,Giulietta,Kornousek,gkornousek1t@github.io,Female,230.250.212.2,Philippines
67,Liam,Mallinder,lmallinder1u@tinyurl.com,Male,212.236.16.255,Indonesia
68,Reta,Tilbey,rtilbey1v@twitpic.com,Female,163.186.167.159,Sweden
69,Damien,Grattage,dgrattage1w@newsvine.com,Male,188.42.250.34,Poland
70,Brianna,Lenton,blenton1x@angelfire.com,Female,27.189.221.40,Russia
71,Rozelle,Angove,rangove1y@cdbaby.com,Female,205.121.31.116,Peru
72,Ailene,Dovington,adovington1z@webs.com,Agender,188.57.41.203,China
73,Gisele,Gantz,ggantz20@tmall.com,Female,71.210.192.97,Canada
74,Drew,Steuart,dsteuart21@altervista.org,Male,140.63.78.146,Canada
75,Nobie,Jeandillou,njeandillou22@geocities.jp,Male,217.204.242.27,Ukraine
76,Ariel,Ackred,aackred23@nymag.com,Genderqueer,88.230.177.6,Ukraine
77,Melisse,Sprowson,msprowson24@51.la,Female,94.88.175.155,Slovenia
78,Melodee,Winskill,mwinskill25@alexa.com,Female,25.167.97.173,China
79,Stormie,Le Blond,sleblond26@usda.gov,Female,49.197.190.18,Netherlands
80,Nickola,Elwell,nelwell27@hud.gov,Male,172.102.43.252,Burkina Faso
81,Germain,Couldwell,gcouldwell28@eepurl.com,Male,191.201.194.206,China
82,Alvie,Consadine,aconsadine29@nymag.com,Male,133.190.68.15,Venezuela
83,Windy,Curm,wcurm2a@bbb.org,Female,117.141.70.60,Thailand
84,Silvie,Hesey,shesey2b@sfgate.com,Female,170.190.85.220,China
85,Linoel,Taillant,ltaillant2c@amazonaws.com,Male,17.90.182.193,Brazil
86,Karita,Glanfield,kglanfield2d@nymag.com,Female,45.106.33.95,Madagascar
87,Merle,Hiscoe,mhiscoe2e@google.cn,Female,194.156.133.180,Kosovo
88,Leighton,Triplet,ltriplet2f@fastcompany.com,Male,31.161.219.171,China
89,Kelby,Waples,kwaples2g@reddit.com,Male,148.67.116.182,China
90,Bearnard,Fedynski,bfedynski2h@state.tx.us,Male,124.250.56.154,Portugal
91,Wyatan,Jellyman,wjellyman2i@fda.gov,Male,147.195.79.189,Philippines
92,Pernell,Denness,pdenness2j@slate.com,Agender,137.88.0.168,Indonesia
93,Vlad,Champkins,vchampkins2k@comcast.net,Male,67.99.193.178,China
94,Rudiger,Try,rtry2l@pagesperso-orange.fr,Male,83.41.128.144,Indonesia
95,Valentino,Mitchard,vmitchard2m@un.org,Male,90.221.86.234,China
96,Jerald,Tourry,jtourry2n@sfgate.com,Male,122.68.173.253,Peru
97,Karoline,Garrold,kgarrold2o@uol.com.br,Female,124.138.75.87,France
98,Tressa,O' Connell,toconnell2p@rakuten.co.jp,Female,205.30.22.189,Indonesia
99,Hastings,Lisimore,hlisimore2q@jimdo.com,Male,147.38.70.110,China
100,Annis,Skill,askill2r@domainmarket.com,Female,174.22.33.38,Canada
101,Ynes,Canty,ycanty2s@w3.org,Female,181.163.33.72,Russia
102,Martelle,Jonczyk,mjonczyk2t@vkontakte.ru,Female,106.130.111.153,China
103,Odette,Dampier,odampier2u@usa.gov,Female,58.44.159.189,China
104,Byran,Radbone,bradbone2v@angelfire.com,Male,161.194.39.46,Iran
105,Meghann,Burns,mburns2w@cmu.edu,Female,237.240.164.138,Czech Republic
106,Elladine,Robbeke,erobbeke2x@pagesperso-orange.fr,Female,222.172.76.4,Mongolia
107,Drew,Woolager,dwoolager2y@huffingtonpost.com,Non-binary,146.134.184.160,Japan
108,Dino,Reuble,dreuble2z@oracle.com,Male,225.83.16.4,France
109,Emmott,Talloe,etalloe30@topsy.com,Male,178.42.177.197,Indonesia
110,Catha,Batch,cbatch31@earthlink.net,Female,224.71.22.137,Malaysia
111,Irvin,Menichelli,imenichelli32@mapquest.com,Male,181.100.126.221,Indonesia
112,Lester,Stapels,lstapels33@about.me,Male,246.254.11.178,Mexico
113,Harbert,Balcombe,hbalcombe34@epa.gov,Male,180.118.228.98,Mauritius
114,Pyotr,Phoebe,pphoebe35@discuz.net,Male,79.29.205.148,United States
115,Gill,Murrthum,gmurrthum36@narod.ru,Female,46.126.50.142,Poland
116,Charo,Chant,cchant37@oaic.gov.au,Female,84.41.183.228,Philippines
117,Melodie,Perrone,mperrone38@yahoo.co.jp,Female,130.19.61.170,Czech Republic
118,Penn,Inchley,pinchley39@pagesperso-orange.fr,Male,158.93.97.178,China
119,Ginni,McClay,gmcclay3a@buzzfeed.com,Female,92.1.136.75,South Africa
120,Nathaniel,Towndrow,ntowndrow3b@nasa.gov,Male,145.234.210.219,Ukraine
121,Eleni,Robiou,erobiou3c@cdc.gov,Female,226.39.116.180,Portugal
122,Stillmann,Hartford,shartford3d@tuttocitta.it,Male,175.214.109.249,Mexico
123,Thurstan,Moy,tmoy3e@yahoo.com,Male,48.218.127.238,Jordan
124,Claudianus,Kelway,ckelway3f@t-online.de,Male,210.76.30.223,Russia
125,Ada,Milligan,amilligan3g@chronoengine.com,Female,15.116.209.250,Vietnam
126,Ignace,Ingham,iingham3h@apache.org,Male,35.121.160.82,Poland
127,Rorie,Brahams,rbrahams3i@nih.gov,Female,35.96.188.199,Portugal
128,Nanice,Sherwyn,nsherwyn3j@reddit.com,Female,152.155.49.53,Kazakhstan
129,Avram,Mityashev,amityashev3k@nasa.gov,Male,48.249.126.180,China
130,Robinetta,Fermoy,rfermoy3l@senate.gov,Polygender,75.89.104.67,Azerbaijan
131,Maridel,Diprose,mdiprose3m@techcrunch.com,Female,73.100.146.216,Sweden
132,Fidelio,Bramall,fbramall3n@forbes.com,Male,94.151.203.254,Poland
133,Charyl,McBlain,cmcblain3o@blogger.com,Female,118.229.44.54,China
134,Portie,Songer,psonger3p@360.cn,Male,187.143.134.105,China
135,Kath,Bernardino,kbernardino3q@unesco.org,Female,179.96.245.28,Peru
136,Christean,McGlone,cmcglone3r@sphinn.com,Female,124.28.207.193,Kazakhstan
137,Roseanne,Sissland,rsissland3s@tripadvisor.com,Female,212.67.12.51,South Africa
138,Kara-lynn,Hallin,khallin3t@economist.com,Female,182.54.74.164,Niger
139,Fiann,McPhelim,fmcphelim3u@photobucket.com,Female,181.31.193.119,China
140,Norton,Filipponi,nfilipponi3v@dion.ne.jp,Male,182.151.193.129,China
141,Aluin,Tander,atander3w@oakley.com,Male,139.48.125.63,China
142,Farand,Reede,freede3x@purevolume.com,Female,7.24.183.229,Indonesia
143,Emelen,Rumin,erumin3y@newsvine.com,Male,30.81.215.196,China
144,Joshia,Bevar,jbevar3z@army.mil,Male,163.196.151.69,Philippines
145,Benji,Hollerin,bhollerin40@amazon.co.jp,Male,202.22.232.146,Poland
146,Bart,Heiner,bheiner41@pcworld.com,Male,37.191.161.86,United States
147,Josephina,Trunchion,jtrunchion42@squidoo.com,Female,227.23.156.2,China
148,Tandi,Daout,tdaout43@shareasale.com,Female,14.63.232.78,Zimbabwe
149,Wyndham,Heathcote,wheathcote44@shinystat.com,Male,51.127.119.1,Thailand
150,Perri,Schofield,pschofield45@google.it,Female,196.186.167.80,Macedonia
151,Tracy,Bushell,tbushell46@weather.com,Male,37.15.251.170,China
152,Naoma,Glaisner,nglaisner47@hp.com,Female,56.254.231.178,Kyrgyzstan
153,Elli,Trimbey,etrimbey48@tinypic.com,Female,160.22.135.229,Russia
154,Dulcia,Merdew,dmerdew49@soundcloud.com,Female,165.22.39.94,Ukraine
155,Amalie,Hammerberg,ahammerberg4a@a8.net,Female,27.175.217.40,Oman
156,Chevalier,Cantopher,ccantopher4b@slate.com,Male,62.117.176.12,Afghanistan
157,Felicia,Spenton,fspenton4c@cnet.com,Genderfluid,222.221.88.34,Argentina
158,Grete,Iacobini,giacobini4d@dot.gov,Female,4.44.102.240,Sweden
159,Ealasaid,Corneliussen,ecorneliussen4e@google.ca,Female,184.187.146.173,Indonesia
160,Aryn,Bulcock,abulcock4f@msn.com,Female,244.17.237.214,Indonesia
161,Tymon,Harkins,tharkins4g@mysql.com,Male,93.36.13.235,Indonesia
162,Lenora,Borsay,lborsay4h@addthis.com,Female,150.186.142.255,Finland
163,Sargent,Camies,scamies4i@webeden.co.uk,Male,82.204.36.134,France
164,Mel,MacGinley,mmacginley4j@wikispaces.com,Female,162.134.163.35,Peru
165,Abbie,Tott,atott4k@irs.gov,Agender,144.225.127.192,Poland
166,Claire,Welfair,cwelfair4l@phoca.cz,Male,169.39.158.225,China
167,Gerhard,Edney,gedney4m@phoca.cz,Male,145.48.191.118,China
168,Lisabeth,Stanwix,lstanwix4n@cornell.edu,Female,177.183.25.21,Russia
169,Sascha,Leggatt,sleggatt4o@lycos.com,Male,9.198.229.131,Guinea-Bissau
170,Tally,Hume,thume4p@hexun.com,Male,113.93.39.131,South Korea
171,Eden,Dericot,edericot4q@vinaora.com,Female,201.16.31.121,China
172,Kessiah,Atkinson,katkinson4r@flickr.com,Female,149.117.54.90,Philippines
173,Tobey,Canet,tcanet4s@amazon.co.uk,Female,96.247.200.120,Indonesia
174,Jania,Achromov,jachromov4t@1und1.de,Female,174.189.254.78,Dominican Republic
175,Skipton,Spikings,sspikings4u@opensource.org,Male,244.10.221.138,China
176,Tonia,Cleator,tcleator4v@is.gd,Bigender,107.155.204.231,Argentina
177,Peggie,Martinat,pmartinat4w@example.com,Female,215.255.56.206,Argentina
178,Malva,Furman,mfurman4x@sphinn.com,Female,248.84.208.96,Azerbaijan
179,Barnie,MacPhail,bmacphail4y@who.int,Male,91.220.106.26,Brazil
180,Jeanette,Jaqueme,jjaqueme4z@livejournal.com,Female,163.141.156.197,Peru
181,Ina,Kensall,ikensall50@privacy.gov.au,Female,197.115.178.159,Macedonia
182,Lamar,Pearse,lpearse51@flavors.me,Male,102.90.245.207,Indonesia
183,Jaquith,Swetenham,jswetenham52@smh.com.au,Female,175.92.126.131,Russia
184,Wrennie,Lenox,wlenox53@tumblr.com,Female,116.169.129.209,China
185,Ferd,Lehrian,flehrian54@angelfire.com,Agender,67.41.144.49,United States
186,Sherlock,Zupa,szupa55@mozilla.org,Male,24.45.6.32,Mexico
187,Ame,Lingwood,alingwood56@weibo.com,Female,58.24.71.13,Argentina
188,Galvan,Utley,gutley57@illinois.edu,Male,37.92.52.184,Kazakhstan
189,Pearl,McKeney,pmckeney58@cisco.com,Female,214.143.109.68,Poland
190,Agna,Fleming,afleming59@cnbc.com,Female,97.205.74.227,Poland
191,Clemmy,MacQuaker,cmacquaker5a@aboutads.info,Male,47.138.159.170,United States
192,Andreas,Longshaw,alongshaw5b@theatlantic.com,Male,185.3.150.255,Ukraine
193,Zitella,Adelsberg,zadelsberg5c@oaic.gov.au,Female,200.16.152.180,Indonesia
194,Patty,Desmond,pdesmond5d@disqus.com,Agender,166.180.177.243,Egypt
195,Yehudit,Leonard,yleonard5e@samsung.com,Male,74.134.8.3,Nicaragua
196,Dorothea,Wegener,dwegener5f@weather.com,Female,82.244.64.52,Belarus
197,Katusha,Gilvary,kgilvary5g@lycos.com,Female,13.100.136.195,Indonesia
198,Dimitry,Standring,dstandring5h@shutterfly.com,Male,77.157.74.198,Portugal
199,Davidson,Sowley,dsowley5i@timesonline.co.uk,Male,143.107.26.106,Indonesia
200,Ailene,Felstead,afelstead5j@ucsd.edu,Female,126.113.16.39,China
201,Misti,Rabb,mrabb5k@tiny.cc,Female,70.236.6.53,Croatia
202,Fancy,Rich,frich5l@indiegogo.com,Female,208.78.62.145,Russia
203,Grazia,Bevan,gbevan5m@google.com,Female,172.233.45.240,Ukraine
204,Minerva,Aiskrigg,maiskrigg5n@mysql.com,Female,15.205.0.15,Czech Republic
205,Mariquilla,Lightbourne,mlightbourne5o@amazon.co.jp,Female,76.138.31.247,Argentina
206,Sherlocke,Franzoli,sfranzoli5p@issuu.com,Male,186.91.251.64,India
207,Egon,Paschek,epaschek5q@google.co.uk,Male,61.102.233.176,Mexico
208,Krystal,Cheese,kcheese5r@seattletimes.com,Female,136.105.126.85,China
209,Glenn,Sarvar,gsarvar5s@oakley.com,Female,141.71.237.236,Poland
210,Maribelle,Litton,mlitton5t@techcrunch.com,Female,126.238.227.71,France
211,Leandra,Hucks,lhucks5u@geocities.com,Female,43.163.24.81,China
212,Shaina,Broadbear,sbroadbear5v@ox.ac.uk,Female,174.154.119.139,Russia
213,Vladamir,Goady,vgoady5w@mayoclinic.com,Agender,168.253.15.55,Brazil
214,Nancie,Bernardotti,nbernardotti5x@godaddy.com,Female,244.85.63.55,Bangladesh
215,Jacenta,Mc Faul,jmcfaul5y@nytimes.com,Female,139.223.104.46,Philippines
216,Corey,Semechik,csemechik5z@wsj.com,Male,6.220.191.160,China
217,Pauly,Morecomb,pmorecomb60@bloomberg.com,Male,56.73.142.40,China
218,Farlee,O'Hartigan,fohartigan61@aol.com,Male,233.92.99.211,China
219,Broddie,Ashleigh,bashleigh62@businesswire.com,Male,184.238.219.80,Argentina
220,Miriam,Dagg,mdagg63@edublogs.org,Female,49.25.252.29,Ukraine
221,Jessica,Abley,jabley64@pinterest.com,Female,151.165.145.104,Peru
222,Cordy,Purkis,cpurkis65@toplist.cz,Male,232.130.143.35,Albania
223,Dorris,Knutton,dknutton66@myspace.com,Female,67.203.31.45,Indonesia
224,Lyell,Earle,learle67@redcross.org,Male,162.143.156.106,China
225,Briggs,Inman,binman68@about.me,Male,204.33.150.140,Philippines
226,Cam,Bland,cbland69@goodreads.com,Genderqueer,55.34.254.137,Indonesia
227,Rustin,Peltz,rpeltz6a@acquirethisname.com,Male,189.83.73.185,Brazil
228,Mariellen,Jerschke,mjerschke6b@sbwire.com,Female,158.47.48.245,Indonesia
229,Kingston,Shillam,kshillam6c@ocn.ne.jp,Male,115.212.12.1,Philippines
230,Tore,Goshawke,tgoshawke6d@dailymotion.com,Male,233.202.175.217,China
231,Zedekiah,De la Perrelle,zdelaperrelle6e@studiopress.com,Male,175.22.163.54,Paraguay
232,Torrin,Chadney,tchadney6f@bigcartel.com,Male,40.115.151.39,Finland
233,Josiah,Beyer,jbeyer6g@prlog.org,Male,177.128.65.88,Sweden
234,Shoshana,D'Alessandro,sdalessandro6h@odnoklassniki.ru,Bigender,247.148.182.156,Ukraine
235,Boony,Jodrelle,bjodrelle6i@jiathis.com,Male,212.204.230.58,Indonesia
236,Kath,Trengove,ktrengove6j@cam.ac.uk,Female,218.94.25.221,Nepal
237,Neda,Janc,njanc6k@woothemes.com,Female,236.107.26.120,Portugal
238,Harmonia,Tarrier,htarrier6l@accuweather.com,Female,11.218.23.176,Czech Republic
239,Petr,Kelloch,pkelloch6m@miitbeian.gov.cn,Male,33.158.229.90,Russia
240,Tobit,Castagna,tcastagna6n@unblog.fr,Male,103.61.171.123,Argentina
241,Kristan,Pfeifer,kpfeifer6o@craigslist.org,Female,192.111.252.174,Ireland
242,Haskell,Tomaselli,htomaselli6p@nytimes.com,Male,244.209.248.84,Pakistan
243,Klemens,Kyndred,kkyndred6q@cbc.ca,Male,30.123.255.165,Kosovo
244,Shaughn,Trimmell,strimmell6r@squarespace.com,Male,127.162.228.11,China
245,Shae,Jess,sjess6s@google.com,Polygender,89.140.135.241,United States
246,Kassia,Stearnes,kstearnes6t@godaddy.com,Female,16.180.155.247,Indonesia
247,Sybila,Pady,spady6u@delicious.com,Female,206.7.49.50,Philippines
248,Devin,Wraight,dwraight6v@digg.com,Female,9.205.118.196,Tajikistan
249,Arvy,Pirie,apirie6w@domainmarket.com,Agender,168.122.129.25,Indonesia
250,Ring,Reade,rreade6x@wisc.edu,Male,50.38.129.71,Netherlands
251,Chicky,Stallen,cstallen6y@hostgator.com,Male,162.172.229.47,Japan
252,Gan,Kirkwood,gkirkwood6z@oakley.com,Male,178.165.115.228,Ukraine
253,Allyn,Rowan,arowan70@xrea.com,Male,175.190.109.74,China
254,Kerwinn,Banthorpe,kbanthorpe71@slate.com,Male,157.50.134.194,Myanmar
255,Jerald,Fahrenbacher,jfahrenbacher72@example.com,Male,143.37.236.37,France
256,Towney,Esslemont,tesslemont73@illinois.edu,Male,13.251.244.115,China
257,Leslie,Nowland,lnowland74@weebly.com,Male,205.215.1.110,China
258,Sutherlan,Cromleholme,scromleholme75@rediff.com,Male,10.206.195.247,Poland
259,Sheffie,Azam,sazam76@163.com,Male,55.133.44.176,Croatia
260,Kitti,Fanstone,kfanstone77@wunderground.com,Genderfluid,128.181.112.31,Ukraine
261,Stevana,Rattry,srattry78@sakura.ne.jp,Genderfluid,11.65.246.6,Nicaragua
262,Salome,Fairlaw,sfairlaw79@xing.com,Female,225.157.0.60,Finland
263,Sidonnie,Littlefair,slittlefair7a@miibeian.gov.cn,Female,84.39.221.229,Russia
264,Egor,Kellard,ekellard7b@bbc.co.uk,Male,229.185.42.51,Comoros
265,Caesar,Smees,csmees7c@google.es,Male,131.164.73.218,Comoros
266,Wald,Raithbie,wraithbie7d@sciencedaily.com,Male,53.248.222.182,Indonesia
267,Kassandra,Lanaway,klanaway7e@blogspot.com,Non-binary,145.219.252.235,Sweden
268,Rora,Seacroft,rseacroft7f@lycos.com,Female,185.165.201.44,Czech Republic
269,Austen,Willavoys,awillavoys7g@comsenz.com,Male,251.177.153.223,China
270,Franny,Goldsack,fgoldsack7h@usnews.com,Male,216.126.77.10,China
271,Mandi,Manders,mmanders7i@geocities.com,Non-binary,144.215.78.89,China
272,Cyndy,Nockalls,cnockalls7j@photobucket.com,Female,111.178.228.155,China
273,Shauna,Swanger,sswanger7k@gravatar.com,Female,18.139.50.61,Ukraine
274,Kiah,Bartoszek,kbartoszek7l@wikipedia.org,Female,228.60.86.176,Greece
275,Madelin,Collihole,mcollihole7m@joomla.org,Genderfluid,172.249.91.24,Russia
276,Cam,Spaduzza,cspaduzza7n@surveymonkey.com,Female,205.110.224.96,Brazil
277,Philip,Truse,ptruse7o@fc2.com,Male,220.40.134.136,Philippines
278,Karlens,Durning,kdurning7p@4shared.com,Male,244.54.175.153,France
279,Pammie,Bartrap,pbartrap7q@google.com.br,Female,116.18.60.220,France
280,Cher,Legerton,clegerton7r@who.int,Female,71.208.159.148,Russia
281,Danit,Geall,dgeall7s@vkontakte.ru,Female,24.84.167.21,Philippines
282,Harv,Drews,hdrews7t@phoca.cz,Male,209.32.218.27,Greece
283,Essa,Lancett,elancett7u@bloglines.com,Female,165.36.244.14,Russia
284,Nesta,Pressnell,npressnell7v@bloglines.com,Female,156.36.236.219,Portugal
285,Meara,Durnford,mdurnford7w@wsj.com,Female,130.187.144.73,Palestinian Territory
286,Franni,Turville,fturville7x@amazon.co.jp,Female,233.180.55.35,Ukraine
287,Allie,Haylor,ahaylor7y@springer.com,Female,203.102.101.24,Philippines
288,Rochester,Dumper,rdumper7z@alexa.com,Genderfluid,146.66.74.160,China
289,Hi,Hadlee,hhadlee80@vimeo.com,Male,31.28.246.218,China
290,Merrill,Waterfall,mwaterfall81@intel.com,Genderfluid,116.244.136.148,Indonesia
291,Fletch,Learoyd,flearoyd82@nymag.com,Genderfluid,43.169.111.33,China
292,Evvy,Mallion,emallion83@over-blog.com,Agender,47.50.230.43,Russia
293,Dante,Izzat,dizzat84@freewebs.com,Male,107.195.201.169,France
294,Eudora,Hallihane,ehallihane85@nih.gov,Female,187.94.226.195,Sweden
295,Deeann,Sabbins,dsabbins86@engadget.com,Female,130.130.56.115,China
296,Nevil,Ruddy,nruddy87@comsenz.com,Male,111.185.108.185,Brazil
297,Joane,Sundin,jsundin88@oracle.com,Female,88.254.136.247,Sweden
298,Willi,Edgeon,wedgeon89@multiply.com,Female,208.101.65.182,Peru
299,Heddi,Kelsell,hkelsell8a@microsoft.com,Female,97.201.65.236,Cuba
300,Sharlene,Strivens,sstrivens8b@hao123.com,Female,128.228.244.185,Indonesia